번호,가게명_원본,주소_원본,검색확인명,주소_상호_검증,음식종류,대표메뉴,가게특징,추천상황,맛_스타일,혼밥,술자리,매운맛,따뜻한국물,가벼운식사,오늘뭐먹지_검색태그,오늘뭐먹지_추천문장,조사신뢰도,웹검증출처,네이버지도_재확인,카카오맵_재확인,조사일
1,옛날황소곱창,서울 구로구 디지털로32나길 16 1층 (구로동),옛날황소곱창,주소/상호 확인,곱창·막창·대창,"곱창구이, 대창구이, 막창구이, 모듬구이, 특양구이, 곱창전골, 볶음밥",곱창구이 전문; 술모임; 회식; 저녁; 활기찬 분위기,"회식, 친구모임, 퇴근 후 술자리, 든든한 저녁","고소함, 진한맛, 구이, 뜨거움",△,◎,△,○,X,"곱창, 막창, 대창, 회식, 친구모임, 퇴근 후 술자리, 든든한 저녁, 고소함, 진한맛, 구이, 뜨거움, 술자리좋음",저녁에 음식과 술을 같이 즐기고 싶은 날,높음,https://www.diningcode.com/list.dc?query=%EC%98%9B%EB%82%A0%ED%99%A9%EC%86%8C%EA%B3%B1%EC%B0%BD%20%EA%B5%AC%EB%A1%9C%EB%8F%99,https://map.naver.com/p/search/%EC%98%9B%EB%82%A0%ED%99%A9%EC%86%8C%EA%B3%B1%EC%B0%BD%20%EC%84%9C%EC%9A%B8%20%EA%B5%AC%EB%A1%9C%EA%B5%AC%20%EB%94%94%EC%A7%80%ED%84%B8%EB%A1%9C32%EB%82%98%EA%B8%B8%2016%201%EC%B8%B5%20%28%EA%B5%AC%EB%A1%9C%EB%8F%99%29,https://map.kakao.com/?q=%EC%98%9B%EB%82%A0%ED%99%A9%EC%86%8C%EA%B3%B1%EC%B0%BD%20%EC%84%9C%EC%9A%B8%20%EA%B5%AC%EB%A1%9C%EA%B5%AC%20%EB%94%94%EC%A7%80%ED%84%B8%EB%A1%9C32%EB%82%98%EA%B8%B8%2016%201%EC%B8%B5%20%28%EA%B5%AC%EB%A1%9C%EB%8F%99%29,2026-09-14
2,프레시랩 동작점,서울 동작구 국사봉2길 19 102호 (신대방동),프레시랩 동작점,주소/상호 확인,샐러드·건강식,"새우 리코타 샐러드, 단호박 리코타 샐러드, 샐러드류, 콜드브루",가벼운 식사; 채소 위주; 다이어트 식단; 포장하기 좋은 메뉴,"점심, 다이어트, 가볍게 먹기, 운동 전후","신선함, 담백함, 산뜻함, 차가운 메뉴",◎,X,X,X,◎,"샐러드, 건강식, 점심, 다이어트, 가볍게 먹기, 운동 전후, 신선함, 담백함, 산뜻함, 차가운 메뉴, 혼밥좋음, 가벼운식사",가볍고 부담 적은 메뉴를 먹고 싶은 날,중간,https://search.naver.com/search.naver?query=%ED%94%84%EB%A0%88%EC%8B%9C%EB%9E%A9%20%EB%8F%99%EC%9E%91%EC%A0%90%20%EA%B5%AD%EC%82%AC%EB%B4%892%EA%B8%B8%2019,https://map.naver.com/p/search/%ED%94%84%EB%A0%88%EC%8B%9C%EB%9E%A9%20%EB%8F%99%EC%9E%91%EC%A0%90%20%EC%84%9C%EC%9A%B8%20%EB%8F%99%EC%9E%91%EA%B5%AC%20%EA%B5%AD%EC%82%AC%EB%B4%892%EA%B8%B8%2019%20102%ED%98%B8%20%28%EC%8B%A0%EB%8C%80%EB%B0%A9%EB%8F%99%29,https://map.kakao.com/?q=%ED%94%84%EB%A0%88%EC%8B%9C%EB%9E%A9%20%EB%8F%99%EC%9E%91%EC%A0%90%20%EC%84%9C%EC%9A%B8%20%EB%8F%99%EC%9E%91%EA%B5%AC%20%EA%B5%AD%EC%82%AC%EB%B4%892%EA%B8%B8%2019%20102%ED%98%B8%20%28%EC%8B%A0%EB%8C%80%EB%B0%A9%EB%8F%99%29,2026-09-14
3,유가네한우곰탕 본점,서울 동작구 국사봉1길 18 1층 (상도동),유가네한우곰탕 본점,주소/상호 확인,곰탕·국밥·해장국,"한우소머리곰탕, 곰탕, 돼지국밥, 뼈해장국, 설렁탕, 순대국, 육개장, 도가니탕",국물 메뉴 다양; 혼밥; 해장; 든든한 한 끼; 장시간 영업 정보 노출,"아침/점심, 혼밥, 해장, 추운 날, 든든하게","진한 국물, 구수함, 뜨끈함, 얼큰 선택 가능",◎,△,○,◎,△,"곰탕, 국밥, 해장국, 아침, 점심, 혼밥, 해장, 추운 날, 든든하게, 진한 국물, 구수함, 뜨끈함, 얼큰 선택 가능, 혼밥좋음, 국물",따뜻한 국물 한 끼가 당기는 날,높음,https://search.naver.com/search.naver?query=%EC%9C%A0%EA%B0%80%EB%84%A4%ED%95%9C%EC%9A%B0%EA%B3%B0%ED%83%95%20%EB%B3%B8%EC%A0%90%20%EC%83%81%EB%8F%84%EB%8F%99,https://map.naver.com/p/search/%EC%9C%A0%EA%B0%80%EB%84%A4%ED%95%9C%EC%9A%B0%EA%B3%B0%ED%83%95%20%EB%B3%B8%EC%A0%90%20%EC%84%9C%EC%9A%B8%20%EB%8F%99%EC%9E%91%EA%B5%AC%20%EA%B5%AD%EC%82%AC%EB%B4%891%EA%B8%B8%2018%201%EC%B8%B5%20%28%EC%83%81%EB%8F%84%EB%8F%99%29,https://map.kakao.com/?q=%EC%9C%A0%EA%B0%80%EB%84%A4%ED%95%9C%EC%9A%B0%EA%B3%B0%ED%83%95%20%EB%B3%B8%EC%A0%90%20%EC%84%9C%EC%9A%B8%20%EB%8F%99%EC%9E%91%EA%B5%AC%20%EA%B5%AD%EC%82%AC%EB%B4%891%EA%B8%B8%2018%201%EC%B8%B5%20%28%EC%83%81%EB%8F%84%EB%8F%99%29,2026-09-14
4,모스키친,서울 동작구 보라매로 91 1층 (신대방동),모스키친,주소/상호 확인,돈카츠·일식,"등심카츠, 안심카츠, 특등심카츠",돈카츠 전문; 바 좌석; 깔끔한 분위기; 혼밥; 데이트,"점심, 혼밥, 데이트, 바삭한 메뉴가 당길 때","바삭함, 육즙, 담백함, 고소함",◎,△,X,X,△,"돈카츠, 일식, 점심, 혼밥, 데이트, 바삭한 메뉴가 당길 때, 바삭함, 육즙, 담백함, 고소함, 혼밥좋음",돈카츠·일식 메뉴가 당기는 날,높음,https://www.dongjak.go.kr/healthcare/main/contents.do?menuNo=300380,https://map.naver.com/p/search/%EB%AA%A8%EC%8A%A4%ED%82%A4%EC%B9%9C%20%EC%84%9C%EC%9A%B8%20%EB%8F%99%EC%9E%91%EA%B5%AC%20%EB%B3%B4%EB%9D%BC%EB%A7%A4%EB%A1%9C%2091%201%EC%B8%B5%20%28%EC%8B%A0%EB%8C%80%EB%B0%A9%EB%8F%99%29,https://map.kakao.com/?q=%EB%AA%A8%EC%8A%A4%ED%82%A4%EC%B9%9C%20%EC%84%9C%EC%9A%B8%20%EB%8F%99%EC%9E%91%EA%B5%AC%20%EB%B3%B4%EB%9D%BC%EB%A7%A4%EB%A1%9C%2091%201%EC%B8%B5%20%28%EC%8B%A0%EB%8C%80%EB%B0%A9%EB%8F%99%29,2026-09-14
5,주성이네,서울 동작구 여의대방로22길 121 보라매자이 더 포레스트 상가,주성이네,상가 내 호수 정보 검색 확인,포차·닭도리탕·술안주,"대왕대창닭도리탕, 매운스지조림",신생 포차; 안주 중심; 편안한 분위기; 주차 가능 정보; 포장,"퇴근 후 술자리, 친구모임, 매운 안주, 저녁","매콤함, 진한 양념, 뜨거움, 술안주",△,◎,◎,○,X,"포차, 닭도리탕, 술안주, 퇴근 후 술자리, 친구모임, 매운 안주, 저녁, 매콤함, 진한 양념, 뜨거움, 술자리좋음, 매운맛",저녁에 음식과 술을 같이 즐기고 싶은 날,높음,https://postmate.waffle-gl.org/link/detail/brk2486/223738539803,https://map.naver.com/p/search/%EC%A3%BC%EC%84%B1%EC%9D%B4%EB%84%A4%20%EC%84%9C%EC%9A%B8%20%EB%8F%99%EC%9E%91%EA%B5%AC%20%EC%97%AC%EC%9D%98%EB%8C%80%EB%B0%A9%EB%A1%9C22%EA%B8%B8%20121%20%EB%B3%B4%EB%9D%BC%EB%A7%A4%EC%9E%90%EC%9D%B4%20%EB%8D%94%20%ED%8F%AC%EB%A0%88%EC%8A%A4%ED%8A%B8%20%EC%83%81%EA%B0%80,https://map.kakao.com/?q=%EC%A3%BC%EC%84%B1%EC%9D%B4%EB%84%A4%20%EC%84%9C%EC%9A%B8%20%EB%8F%99%EC%9E%91%EA%B5%AC%20%EC%97%AC%EC%9D%98%EB%8C%80%EB%B0%A9%EB%A1%9C22%EA%B8%B8%20121%20%EB%B3%B4%EB%9D%BC%EB%A7%A4%EC%9E%90%EC%9D%B4%20%EB%8D%94%20%ED%8F%AC%EB%A0%88%EC%8A%A4%ED%8A%B8%20%EC%83%81%EA%B0%80,2026-09-14
6,기계우동,서울 동작구 여의대방로24길 140 1층 (신대방동),기계우동,주소/상호 확인,우동·분식·짜장,"우동, 짜장, 짜장밥",빠른 한 끼; 가성비; 혼밥; 야식; 옛날식 분식 느낌,"혼밥, 간단한 점심, 야식, 저렴하게","뜨끈함, 짭짤함, 익숙한 맛",◎,X,△,◎,○,"우동, 분식, 짜장, 혼밥, 간단한 점심, 야식, 저렴하게, 뜨끈함, 짭짤함, 익숙한 맛, 혼밥좋음, 국물",따뜻한 국물 한 끼가 당기는 날,높음,https://search.naver.com/search.naver?query=%EA%B8%B0%EA%B3%84%EC%9A%B0%EB%8F%99%20%EC%8B%A0%EB%8C%80%EB%B0%A9%EB%8F%99%20%EC%97%AC%EC%9D%98%EB%8C%80%EB%B0%A9%EB%A1%9C24%EA%B8%B8%20140,https://map.naver.com/p/search/%EA%B8%B0%EA%B3%84%EC%9A%B0%EB%8F%99%20%EC%84%9C%EC%9A%B8%20%EB%8F%99%EC%9E%91%EA%B5%AC%20%EC%97%AC%EC%9D%98%EB%8C%80%EB%B0%A9%EB%A1%9C24%EA%B8%B8%20140%201%EC%B8%B5%20%28%EC%8B%A0%EB%8C%80%EB%B0%A9%EB%8F%99%29,https://map.kakao.com/?q=%EA%B8%B0%EA%B3%84%EC%9A%B0%EB%8F%99%20%EC%84%9C%EC%9A%B8%20%EB%8F%99%EC%9E%91%EA%B5%AC%20%EC%97%AC%EC%9D%98%EB%8C%80%EB%B0%A9%EB%A1%9C24%EA%B8%B8%20140%201%EC%B8%B5%20%28%EC%8B%A0%EB%8C%80%EB%B0%A9%EB%8F%99%29,2026-09-14
7,엉터리생고기 무한리필 신대방삼거리점,서울 동작구 여의대방로24길 141 2층 (대방동),엉터리생고기 무한리필 신대방삼거리점,주소/상호 확인,삼겹살·고기 무한리필,"삼겹살 무한리필, 고기 무한리필 세트, 셀프바",무한리필; 가성비; 단체모임; 셀프바; 배부르게 먹기,"회식, 단체, 많이 먹고 싶은 날, 저녁","고소함, 구이, 든든함",△,◎,X,△,X,"삼겹살, 고기 무한리필, 회식, 단체, 많이 먹고 싶은 날, 저녁, 고소함, 구이, 든든함, 술자리좋음",저녁에 음식과 술을 같이 즐기고 싶은 날,높음,https://search.naver.com/search.naver?query=%EC%97%89%ED%84%B0%EB%A6%AC%EC%83%9D%EA%B3%A0%EA%B8%B0%20%EB%AC%B4%ED%95%9C%EB%A6%AC%ED%95%84%20%EC%8B%A0%EB%8C%80%EB%B0%A9%EC%82%BC%EA%B1%B0%EB%A6%AC%EC%A0%90,https://map.naver.com/p/search/%EC%97%89%ED%84%B0%EB%A6%AC%EC%83%9D%EA%B3%A0%EA%B8%B0%20%EB%AC%B4%ED%95%9C%EB%A6%AC%ED%95%84%20%EC%8B%A0%EB%8C%80%EB%B0%A9%EC%82%BC%EA%B1%B0%EB%A6%AC%EC%A0%90%20%EC%84%9C%EC%9A%B8%20%EB%8F%99%EC%9E%91%EA%B5%AC%20%EC%97%AC%EC%9D%98%EB%8C%80%EB%B0%A9%EB%A1%9C24%EA%B8%B8%20141%202%EC%B8%B5%20%28%EB%8C%80%EB%B0%A9%EB%8F%99%29,https://map.kakao.com/?q=%EC%97%89%ED%84%B0%EB%A6%AC%EC%83%9D%EA%B3%A0%EA%B8%B0%20%EB%AC%B4%ED%95%9C%EB%A6%AC%ED%95%84%20%EC%8B%A0%EB%8C%80%EB%B0%A9%EC%82%BC%EA%B1%B0%EB%A6%AC%EC%A0%90%20%EC%84%9C%EC%9A%B8%20%EB%8F%99%EC%9E%91%EA%B5%AC%20%EC%97%AC%EC%9D%98%EB%8C%80%EB%B0%A9%EB%A1%9C24%EA%B8%B8%20141%202%EC%B8%B5%20%28%EB%8C%80%EB%B0%A9%EB%8F%99%29,2026-09-14
8,탕화쿵푸마라탕 대방점,서울 동작구 보라매로 113 코스모빌딩 2층 203호 (대방동),탕화쿵푸마라탕 대방점,주소/상호 확인,마라탕·마라샹궈,"마라탕, 마라샹궈, 꿔바로우, 볶음밥",재료 선택형; 맵기 조절; 혼밥; 배달; 해장용 매운 국물,"매운 음식, 혼밥, 해장, 친구와 점심/저녁","얼얼함, 매콤함, 향신료, 뜨거운 국물",◎,△,◎,◎,△,"마라탕, 마라샹궈, 매운 음식, 혼밥, 해장, 친구와 점심, 저녁, 얼얼함, 매콤함, 향신료, 뜨거운 국물, 혼밥좋음, 매운맛, 국물",뜨끈하고 매콤한 국물로 속을 풀고 싶은 날,높음,https://search.naver.com/search.naver?query=%ED%83%95%ED%99%94%EC%BF%B5%ED%91%B8%EB%A7%88%EB%9D%BC%ED%83%95%20%EB%8C%80%EB%B0%A9%EC%A0%90,https://map.naver.com/p/search/%ED%83%95%ED%99%94%EC%BF%B5%ED%91%B8%EB%A7%88%EB%9D%BC%ED%83%95%20%EB%8C%80%EB%B0%A9%EC%A0%90%20%EC%84%9C%EC%9A%B8%20%EB%8F%99%EC%9E%91%EA%B5%AC%20%EB%B3%B4%EB%9D%BC%EB%A7%A4%EB%A1%9C%20113%20%EC%BD%94%EC%8A%A4%EB%AA%A8%EB%B9%8C%EB%94%A9%202%EC%B8%B5%20203%ED%98%B8%20%28%EB%8C%80%EB%B0%A9%EB%8F%99%29,https://map.kakao.com/?q=%ED%83%95%ED%99%94%EC%BF%B5%ED%91%B8%EB%A7%88%EB%9D%BC%ED%83%95%20%EB%8C%80%EB%B0%A9%EC%A0%90%20%EC%84%9C%EC%9A%B8%20%EB%8F%99%EC%9E%91%EA%B5%AC%20%EB%B3%B4%EB%9D%BC%EB%A7%A4%EB%A1%9C%20113%20%EC%BD%94%EC%8A%A4%EB%AA%A8%EB%B9%8C%EB%94%A9%202%EC%B8%B5%20203%ED%98%B8%20%28%EB%8C%80%EB%B0%A9%EB%8F%99%29,2026-09-14
9,서일순대국 별관,서울 동작구 여의대방로24길 16 1층 (신대방동),서일순대국 별관,주소/상호 확인,순대국·국밥,"순대국, 머리고기/수육류, 국밥류",노포 분위기; 푸짐한 국밥; 해장; 혼밥; 별관 운영,"해장, 점심, 혼밥, 추운 날, 든든한 한 끼","진한 국물, 구수함, 뜨끈함",◎,○,○,◎,X,"순대국, 국밥, 해장, 점심, 혼밥, 추운 날, 든든한 한 끼, 진한 국물, 구수함, 뜨끈함, 혼밥좋음, 국물",따뜻한 국물 한 끼가 당기는 날,높음,https://search.naver.com/search.naver?query=%EC%84%9C%EC%9D%BC%EC%88%9C%EB%8C%80%EA%B5%AD%20%EB%B3%84%EA%B4%80%20%EC%8B%A0%EB%8C%80%EB%B0%A9%EB%8F%99,https://map.naver.com/p/search/%EC%84%9C%EC%9D%BC%EC%88%9C%EB%8C%80%EA%B5%AD%20%EB%B3%84%EA%B4%80%20%EC%84%9C%EC%9A%B8%20%EB%8F%99%EC%9E%91%EA%B5%AC%20%EC%97%AC%EC%9D%98%EB%8C%80%EB%B0%A9%EB%A1%9C24%EA%B8%B8%2016%201%EC%B8%B5%20%28%EC%8B%A0%EB%8C%80%EB%B0%A9%EB%8F%99%29,https://map.kakao.com/?q=%EC%84%9C%EC%9D%BC%EC%88%9C%EB%8C%80%EA%B5%AD%20%EB%B3%84%EA%B4%80%20%EC%84%9C%EC%9A%B8%20%EB%8F%99%EC%9E%91%EA%B5%AC%20%EC%97%AC%EC%9D%98%EB%8C%80%EB%B0%A9%EB%A1%9C24%EA%B8%B8%2016%201%EC%B8%B5%20%28%EC%8B%A0%EB%8C%80%EB%B0%A9%EB%8F%99%29,2026-09-14
10,동화장,서울 동작구 여의대방로24길 137 2층 (대방동),동화장,주소/상호 확인,중식,"짜장면, 짬뽕, 간짜장, 볶음밥, 탕수육",동네 중국집; 식사 메뉴 다양; 탕수육 곁들이기; 점심·저녁,"점심, 가족식사, 짜장/짬뽕 고민될 때, 배부르게","불맛, 짭짤함, 달큰함, 얼큰함 선택",◎,○,○,○,△,"중식, 점심, 가족식사, 짜장, 짬뽕 고민될 때, 배부르게, 불맛, 짭짤함, 달큰함, 얼큰함 선택, 혼밥좋음",중식 메뉴가 당기는 날,높음,https://search.naver.com/search.naver?query=%EB%8F%99%ED%99%94%EC%9E%A5%20%EB%8C%80%EB%B0%A9%EB%8F%99%20%EC%97%AC%EC%9D%98%EB%8C%80%EB%B0%A9%EB%A1%9C24%EA%B8%B8%20137,https://map.naver.com/p/search/%EB%8F%99%ED%99%94%EC%9E%A5%20%EC%84%9C%EC%9A%B8%20%EB%8F%99%EC%9E%91%EA%B5%AC%20%EC%97%AC%EC%9D%98%EB%8C%80%EB%B0%A9%EB%A1%9C24%EA%B8%B8%20137%202%EC%B8%B5%20%28%EB%8C%80%EB%B0%A9%EB%8F%99%29,https://map.kakao.com/?q=%EB%8F%99%ED%99%94%EC%9E%A5%20%EC%84%9C%EC%9A%B8%20%EB%8F%99%EC%9E%91%EA%B5%AC%20%EC%97%AC%EC%9D%98%EB%8C%80%EB%B0%A9%EB%A1%9C24%EA%B8%B8%20137%202%EC%B8%B5%20%28%EB%8C%80%EB%B0%A9%EB%8F%99%29,2026-09-14
11,만두의정석,서울 동작구 국사봉1길 45 1층 103호 (상도동),만두의정석,주소/상호 확인,만두·분식,"수제만두, 만두류",수제만두; 간식/가벼운 식사; 포장; 매콤 메뉴 정보,"간단한 점심, 간식, 포장, 가볍게","담백함, 촉촉함, 매콤 선택",◎,X,○,△,◎,"만두, 분식, 간단한 점심, 간식, 포장, 가볍게, 담백함, 촉촉함, 매콤 선택, 혼밥좋음, 가벼운식사",가볍고 부담 적은 메뉴를 먹고 싶은 날,중간,https://search.naver.com/search.naver?query=%EB%A7%8C%EB%91%90%EC%9D%98%EC%A0%95%EC%84%9D%20%EA%B5%AD%EC%82%AC%EB%B4%891%EA%B8%B8%2045,https://map.naver.com/p/search/%EB%A7%8C%EB%91%90%EC%9D%98%EC%A0%95%EC%84%9D%20%EC%84%9C%EC%9A%B8%20%EB%8F%99%EC%9E%91%EA%B5%AC%20%EA%B5%AD%EC%82%AC%EB%B4%891%EA%B8%B8%2045%201%EC%B8%B5%20103%ED%98%B8%20%28%EC%83%81%EB%8F%84%EB%8F%99%29,https://map.kakao.com/?q=%EB%A7%8C%EB%91%90%EC%9D%98%EC%A0%95%EC%84%9D%20%EC%84%9C%EC%9A%B8%20%EB%8F%99%EC%9E%91%EA%B5%AC%20%EA%B5%AD%EC%82%AC%EB%B4%891%EA%B8%B8%2045%201%EC%B8%B5%20103%ED%98%B8%20%28%EC%83%81%EB%8F%84%EB%8F%99%29,2026-09-14
12,티엔,서울 관악구 보라매로3길 8 1층 (봉천동),청티엔,상호명 차이: 같은 주소에서 청티엔 검색됨,중식,"짜장면, 짬뽕, 탕수육, 중식 식사류",중식당; 점심/저녁; 면·밥·요리 선택 가능,"점심, 가족식사, 중식, 여러 명 식사","불맛, 짭짤함, 얼큰함 선택",○,○,○,○,△,"중식, 점심, 가족식사, 여러 명 식사, 불맛, 짭짤함, 얼큰함 선택",중식 메뉴가 당기는 날,중간,https://search.naver.com/search.naver?query=%EC%B2%AD%ED%8B%B0%EC%97%94%20%EB%B3%B4%EB%9D%BC%EB%A7%A4%EB%A1%9C3%EA%B8%B8%208,https://map.naver.com/p/search/%EC%B2%AD%ED%8B%B0%EC%97%94%20%EC%84%9C%EC%9A%B8%20%EA%B4%80%EC%95%85%EA%B5%AC%20%EB%B3%B4%EB%9D%BC%EB%A7%A4%EB%A1%9C3%EA%B8%B8%208%201%EC%B8%B5%20%28%EB%B4%89%EC%B2%9C%EB%8F%99%29,https://map.kakao.com/?q=%EC%B2%AD%ED%8B%B0%EC%97%94%20%EC%84%9C%EC%9A%B8%20%EA%B4%80%EC%95%85%EA%B5%AC%20%EB%B3%B4%EB%9D%BC%EB%A7%A4%EB%A1%9C3%EA%B8%B8%208%201%EC%B8%B5%20%28%EB%B4%89%EC%B2%9C%EB%8F%99%29,2026-09-14
13,서평면옥,서울 동작구 보라매로5길 15 전문건설회관 지하1층,서평면옥,주소/상호 확인,평양냉면·한식,"평양물냉면, 비빔냉면, 어복쟁반, 불고기, 만두전골",평양냉면 전문; 넓은 좌석; 룸/모임; 가족외식; 회식,"점심, 어른 모시고, 가족모임, 회식, 담백한 면","담백함, 슴슴함, 시원함, 전골은 뜨끈함",○,○,△,○,○,"평양냉면, 한식, 점심, 어른 모시고, 가족모임, 회식, 담백한 면, 담백함, 슴슴함, 시원함, 전골은 뜨끈함",평양냉면·한식 메뉴가 당기는 날,높음,https://search.naver.com/search.naver?query=%EC%84%9C%ED%8F%89%EB%A9%B4%EC%98%A5%20%EB%B3%B4%EB%9D%BC%EB%A7%A4,https://map.naver.com/p/search/%EC%84%9C%ED%8F%89%EB%A9%B4%EC%98%A5%20%EC%84%9C%EC%9A%B8%20%EB%8F%99%EC%9E%91%EA%B5%AC%20%EB%B3%B4%EB%9D%BC%EB%A7%A4%EB%A1%9C5%EA%B8%B8%2015%20%EC%A0%84%EB%AC%B8%EA%B1%B4%EC%84%A4%ED%9A%8C%EA%B4%80%20%EC%A7%80%ED%95%981%EC%B8%B5,https://map.kakao.com/?q=%EC%84%9C%ED%8F%89%EB%A9%B4%EC%98%A5%20%EC%84%9C%EC%9A%B8%20%EB%8F%99%EC%9E%91%EA%B5%AC%20%EB%B3%B4%EB%9D%BC%EB%A7%A4%EB%A1%9C5%EA%B8%B8%2015%20%EC%A0%84%EB%AC%B8%EA%B1%B4%EC%84%A4%ED%9A%8C%EA%B4%80%20%EC%A7%80%ED%95%981%EC%B8%B5,2026-09-14
14,뭉퉁 신대방삼거리역점,서울 동작구 상도로 54 1층 (대방동),뭉텅 신대방삼거리역점,원본 상호 오타 추정: 현재 검색상 뭉텅,돼지고기·주먹구이,"뭉텅 주먹구이, 육즙 삼겹살, 가브리살, 특밥, 청국장, 김치찌개",두툼한 돼지고기; 직원 구이 후기; 회식; 가족외식; 단체석; 예약,"고기 먹는 날, 회식, 가족외식, 퇴근 후 저녁","육즙, 고소함, 숯불/구이, 든든함",△,◎,△,○,X,"돼지고기, 주먹구이, 고기 먹는 날, 회식, 가족외식, 퇴근 후 저녁, 육즙, 고소함, 숯불, 구이, 든든함, 술자리좋음",저녁에 음식과 술을 같이 즐기고 싶은 날,높음,https://www.daangn.com/kr/local-profile/%EB%AD%89%ED%85%85-%EC%8B%A0%EB%8C%80%EB%B0%A9%EC%82%BC%EA%B1%B0%EB%A6%AC%EC%97%AD%EC%A0%90-rhfzqfxvncrq/,https://map.naver.com/p/search/%EB%AD%89%ED%85%85%20%EC%8B%A0%EB%8C%80%EB%B0%A9%EC%82%BC%EA%B1%B0%EB%A6%AC%EC%97%AD%EC%A0%90%20%EC%84%9C%EC%9A%B8%20%EB%8F%99%EC%9E%91%EA%B5%AC%20%EC%83%81%EB%8F%84%EB%A1%9C%2054%201%EC%B8%B5%20%28%EB%8C%80%EB%B0%A9%EB%8F%99%29,https://map.kakao.com/?q=%EB%AD%89%ED%85%85%20%EC%8B%A0%EB%8C%80%EB%B0%A9%EC%82%BC%EA%B1%B0%EB%A6%AC%EC%97%AD%EC%A0%90%20%EC%84%9C%EC%9A%B8%20%EB%8F%99%EC%9E%91%EA%B5%AC%20%EC%83%81%EB%8F%84%EB%A1%9C%2054%201%EC%B8%B5%20%28%EB%8C%80%EB%B0%A9%EB%8F%99%29,2026-09-14
15,단길,서울 동작구 보라매로 96-1 1층 (신대방동),단길,주소/상호 확인,이자카야·술집,"모둠사시미, 밀푀유나베, 곱도리탕, 나가사끼짬뽕, 감바스",안주 종류 다양; 이자카야; 술모임; 저녁/심야; 분위기 있는 술집,"데이트, 술자리, 2차, 친구모임","감칠맛, 짭짤함, 국물/매콤 선택",△,◎,○,○,X,"이자카야, 술집, 데이트, 술자리, 2차, 친구모임, 감칠맛, 짭짤함, 국물, 매콤 선택, 술자리좋음",저녁에 음식과 술을 같이 즐기고 싶은 날,높음,https://search.naver.com/search.naver?query=%EB%8B%A8%EA%B8%B8%20%EB%B3%B4%EB%9D%BC%EB%A7%A4%EB%A1%9C%2096-1,https://map.naver.com/p/search/%EB%8B%A8%EA%B8%B8%20%EC%84%9C%EC%9A%B8%20%EB%8F%99%EC%9E%91%EA%B5%AC%20%EB%B3%B4%EB%9D%BC%EB%A7%A4%EB%A1%9C%2096-1%201%EC%B8%B5%20%28%EC%8B%A0%EB%8C%80%EB%B0%A9%EB%8F%99%29,https://map.kakao.com/?q=%EB%8B%A8%EA%B8%B8%20%EC%84%9C%EC%9A%B8%20%EB%8F%99%EC%9E%91%EA%B5%AC%20%EB%B3%B4%EB%9D%BC%EB%A7%A4%EB%A1%9C%2096-1%201%EC%B8%B5%20%28%EC%8B%A0%EB%8C%80%EB%B0%A9%EB%8F%99%29,2026-09-14
16,품미,서울 동작구 국사봉길 13 1층 (상도동),품미,주소/상호 확인,중식,"유니짜장면, 짬뽕, 볶음밥, 탕수육",깔끔한 중식당; 혼밥 가능; 면/밥/요리 구성,"점심, 혼밥, 중식, 탕수육 같이 먹기","불맛, 달큰함, 얼큰함 선택",◎,○,○,○,△,"중식, 점심, 혼밥, 탕수육 같이 먹기, 불맛, 달큰함, 얼큰함 선택, 혼밥좋음",중식 메뉴가 당기는 날,높음,https://search.naver.com/search.naver?query=%ED%92%88%EB%AF%B8%20%EA%B5%AD%EC%82%AC%EB%B4%89%EA%B8%B8%2013,https://map.naver.com/p/search/%ED%92%88%EB%AF%B8%20%EC%84%9C%EC%9A%B8%20%EB%8F%99%EC%9E%91%EA%B5%AC%20%EA%B5%AD%EC%82%AC%EB%B4%89%EA%B8%B8%2013%201%EC%B8%B5%20%28%EC%83%81%EB%8F%84%EB%8F%99%29,https://map.kakao.com/?q=%ED%92%88%EB%AF%B8%20%EC%84%9C%EC%9A%B8%20%EB%8F%99%EC%9E%91%EA%B5%AC%20%EA%B5%AD%EC%82%AC%EB%B4%89%EA%B8%B8%2013%201%EC%B8%B5%20%28%EC%83%81%EB%8F%84%EB%8F%99%29,2026-09-14
17,인생곱창 본점,서울 동작구 상도로12길 5-4 유천빌딩 1층 (상도동),인생곱창,주소/상호 확인; 검색상 상호는 인생곱창,소곱창·대창·막창,"특양구이, 곱창구이, 막창구이, 대창구이, 양념대창, 모듬구이, 염통구이, 볶음밥",소곱창 전문; 퇴근 후 술자리; 웨이팅 후기; 활기찬 분위기,"저녁, 술자리, 친구모임, 곱창 땡길 때","고소함, 바삭·촉촉, 진한맛, 구이",△,◎,△,X,X,"소곱창, 대창, 막창, 저녁, 술자리, 친구모임, 곱창 땡길 때, 고소함, 바삭, 촉촉, 진한맛, 구이, 술자리좋음",저녁에 음식과 술을 같이 즐기고 싶은 날,높음,https://www.diningcode.com/profile.php?rid=2Wman0VGAXVd,https://map.naver.com/p/search/%EC%9D%B8%EC%83%9D%EA%B3%B1%EC%B0%BD%20%EC%84%9C%EC%9A%B8%20%EB%8F%99%EC%9E%91%EA%B5%AC%20%EC%83%81%EB%8F%84%EB%A1%9C12%EA%B8%B8%205-4%20%EC%9C%A0%EC%B2%9C%EB%B9%8C%EB%94%A9%201%EC%B8%B5%20%28%EC%83%81%EB%8F%84%EB%8F%99%29,https://map.kakao.com/?q=%EC%9D%B8%EC%83%9D%EA%B3%B1%EC%B0%BD%20%EC%84%9C%EC%9A%B8%20%EB%8F%99%EC%9E%91%EA%B5%AC%20%EC%83%81%EB%8F%84%EB%A1%9C12%EA%B8%B8%205-4%20%EC%9C%A0%EC%B2%9C%EB%B9%8C%EB%94%A9%201%EC%B8%B5%20%28%EC%83%81%EB%8F%84%EB%8F%99%29,2026-09-14
18,서민준밀밭,서울 동작구 상도로12길 7 1층 (상도동),서민준밀밭,주소/상호 확인,칼국수·콩국수·수제비,"콩국수, 검정콩국수, 바지락칼국수, 들깨수제비, 만두",면요리; 국내산 콩 정보; 혼밥; 계절별 국수; 든든한 점심,"점심, 혼밥, 여름 콩국수, 비 오는 날 칼국수","고소함, 담백함, 시원/뜨끈 선택",◎,X,X,◎,○,"칼국수, 콩국수, 수제비, 점심, 혼밥, 여름 콩국수, 비 오는 날 칼국수, 고소함, 담백함, 시원, 뜨끈 선택, 혼밥좋음, 국물",따뜻한 국물 한 끼가 당기는 날,높음,https://search.naver.com/search.naver?query=%EC%84%9C%EB%AF%BC%EC%A4%80%EB%B0%80%EB%B0%AD%20%EC%8B%A0%EB%8C%80%EB%B0%A9%EC%82%BC%EA%B1%B0%EB%A6%AC,https://map.naver.com/p/search/%EC%84%9C%EB%AF%BC%EC%A4%80%EB%B0%80%EB%B0%AD%20%EC%84%9C%EC%9A%B8%20%EB%8F%99%EC%9E%91%EA%B5%AC%20%EC%83%81%EB%8F%84%EB%A1%9C12%EA%B8%B8%207%201%EC%B8%B5%20%28%EC%83%81%EB%8F%84%EB%8F%99%29,https://map.kakao.com/?q=%EC%84%9C%EB%AF%BC%EC%A4%80%EB%B0%80%EB%B0%AD%20%EC%84%9C%EC%9A%B8%20%EB%8F%99%EC%9E%91%EA%B5%AC%20%EC%83%81%EB%8F%84%EB%A1%9C12%EA%B8%B8%207%201%EC%B8%B5%20%28%EC%83%81%EB%8F%84%EB%8F%99%29,2026-09-14
19,원조부안집 신대방삼거리점,서울 동작구 상도로12길 20 (대방동),원조부안집 신대방삼거리역점,지점명 표기 차이 있으나 주소 일치,돼지고기구이,"육즙목살, 숙성삼겹살, 쫀득살, 원조한판, 특수한판, 물쫄면, 된장술밥",돼지고기 전문; 회식; 모임; 셀프바; 저녁; 여러 부위 한판 구성,"회식, 친구모임, 고기 먹는 날, 저녁","육즙, 고소함, 구이, 진한맛",△,◎,△,○,X,"돼지고기구이, 회식, 친구모임, 고기 먹는 날, 저녁, 육즙, 고소함, 구이, 진한맛, 술자리좋음",저녁에 음식과 술을 같이 즐기고 싶은 날,높음,https://www.diningcode.com/profile.php?rid=8l3XZP3zfaO6,https://map.naver.com/p/search/%EC%9B%90%EC%A1%B0%EB%B6%80%EC%95%88%EC%A7%91%20%EC%8B%A0%EB%8C%80%EB%B0%A9%EC%82%BC%EA%B1%B0%EB%A6%AC%EC%97%AD%EC%A0%90%20%EC%84%9C%EC%9A%B8%20%EB%8F%99%EC%9E%91%EA%B5%AC%20%EC%83%81%EB%8F%84%EB%A1%9C12%EA%B8%B8%2020%20%28%EB%8C%80%EB%B0%A9%EB%8F%99%29,https://map.kakao.com/?q=%EC%9B%90%EC%A1%B0%EB%B6%80%EC%95%88%EC%A7%91%20%EC%8B%A0%EB%8C%80%EB%B0%A9%EC%82%BC%EA%B1%B0%EB%A6%AC%EC%97%AD%EC%A0%90%20%EC%84%9C%EC%9A%B8%20%EB%8F%99%EC%9E%91%EA%B5%AC%20%EC%83%81%EB%8F%84%EB%A1%9C12%EA%B8%B8%2020%20%28%EB%8C%80%EB%B0%A9%EB%8F%99%29,2026-09-14
20,샐러디 신대방삼거리역점,서울 동작구 상도로 77 1층 (대방동),샐러디 신대방삼거리역점,주소/상호 확인,샐러드·웜볼·포케,"샐러드, 웜볼, 포케/메밀면볼, 샌드위치",건강식; 다이어트; 혼밥; 포장; 채식 선택지,"점심, 다이어트, 가볍게, 운동 전후, 혼밥","신선함, 담백함, 산뜻함",◎,X,△,X,◎,"샐러드, 웜볼, 포케, 점심, 다이어트, 가볍게, 운동 전후, 혼밥, 신선함, 담백함, 산뜻함, 혼밥좋음, 가벼운식사",가볍고 부담 적은 메뉴를 먹고 싶은 날,높음,https://search.naver.com/search.naver?query=%EC%83%90%EB%9F%AC%EB%94%94%20%EC%8B%A0%EB%8C%80%EB%B0%A9%EC%82%BC%EA%B1%B0%EB%A6%AC%EC%97%AD%EC%A0%90,https://map.naver.com/p/search/%EC%83%90%EB%9F%AC%EB%94%94%20%EC%8B%A0%EB%8C%80%EB%B0%A9%EC%82%BC%EA%B1%B0%EB%A6%AC%EC%97%AD%EC%A0%90%20%EC%84%9C%EC%9A%B8%20%EB%8F%99%EC%9E%91%EA%B5%AC%20%EC%83%81%EB%8F%84%EB%A1%9C%2077%201%EC%B8%B5%20%28%EB%8C%80%EB%B0%A9%EB%8F%99%29,https://map.kakao.com/?q=%EC%83%90%EB%9F%AC%EB%94%94%20%EC%8B%A0%EB%8C%80%EB%B0%A9%EC%82%BC%EA%B1%B0%EB%A6%AC%EC%97%AD%EC%A0%90%20%EC%84%9C%EC%9A%B8%20%EB%8F%99%EC%9E%91%EA%B5%AC%20%EC%83%81%EB%8F%84%EB%A1%9C%2077%201%EC%B8%B5%20%28%EB%8C%80%EB%B0%A9%EB%8F%99%29,2026-09-14
21,오다 신대방삼거리점,서울 동작구 보라매로 96 1층 (신대방동),오다 신대방삼거리점,주소/상호 확인,퓨전 이자카야,"게내장크림우동파스타, 사시미 한상, 훈연 베이징덕, 치킨난반, 뇨끼",퓨전 안주; 분위기 좋은 술집; 데이트; 예약 권장; 저녁,"데이트, 술자리, 특별한 저녁, 2차","감칠맛, 크리미, 짭짤함, 퓨전",△,◎,△,△,X,"퓨전 이자카야, 데이트, 술자리, 특별한 저녁, 2차, 감칠맛, 크리미, 짭짤함, 퓨전, 술자리좋음",저녁에 음식과 술을 같이 즐기고 싶은 날,높음,https://search.naver.com/search.naver?query=%EC%98%A4%EB%8B%A4%20%EC%8B%A0%EB%8C%80%EB%B0%A9%EC%82%BC%EA%B1%B0%EB%A6%AC%EC%A0%90%20%EB%B3%B4%EB%9D%BC%EB%A7%A4%EB%A1%9C%2096,https://map.naver.com/p/search/%EC%98%A4%EB%8B%A4%20%EC%8B%A0%EB%8C%80%EB%B0%A9%EC%82%BC%EA%B1%B0%EB%A6%AC%EC%A0%90%20%EC%84%9C%EC%9A%B8%20%EB%8F%99%EC%9E%91%EA%B5%AC%20%EB%B3%B4%EB%9D%BC%EB%A7%A4%EB%A1%9C%2096%201%EC%B8%B5%20%28%EC%8B%A0%EB%8C%80%EB%B0%A9%EB%8F%99%29,https://map.kakao.com/?q=%EC%98%A4%EB%8B%A4%20%EC%8B%A0%EB%8C%80%EB%B0%A9%EC%82%BC%EA%B1%B0%EB%A6%AC%EC%A0%90%20%EC%84%9C%EC%9A%B8%20%EB%8F%99%EC%9E%91%EA%B5%AC%20%EB%B3%B4%EB%9D%BC%EB%A7%A4%EB%A1%9C%2096%201%EC%B8%B5%20%28%EC%8B%A0%EB%8C%80%EB%B0%A9%EB%8F%99%29,2026-09-14
22,초밥24 신대방점,서울 동작구 보라매로 98 1층 (신대방동),초밥24 신대방점,주소/업종 확인; 상세 메뉴 노출 제한,초밥·일식,"모둠초밥, 초밥세트, 회/일식류 (상세 구성 재확인 권장)",초밥 전문; 빠른 일식 한 끼; 혼밥/포장에 적합한 유형,"점심, 혼밥, 초밥 땡길 때, 포장","담백함, 생선, 간장, 와사비",◎,△,X,△,○,"초밥, 일식, 점심, 혼밥, 초밥 땡길 때, 포장, 담백함, 생선, 간장, 와사비, 혼밥좋음",초밥·일식 메뉴가 당기는 날,중간,https://search.naver.com/search.naver?query=%EC%B4%88%EB%B0%A524%20%EC%8B%A0%EB%8C%80%EB%B0%A9%EC%A0%90%20%EB%B3%B4%EB%9D%BC%EB%A7%A4%EB%A1%9C%2098,https://map.naver.com/p/search/%EC%B4%88%EB%B0%A524%20%EC%8B%A0%EB%8C%80%EB%B0%A9%EC%A0%90%20%EC%84%9C%EC%9A%B8%20%EB%8F%99%EC%9E%91%EA%B5%AC%20%EB%B3%B4%EB%9D%BC%EB%A7%A4%EB%A1%9C%2098%201%EC%B8%B5%20%28%EC%8B%A0%EB%8C%80%EB%B0%A9%EB%8F%99%29,https://map.kakao.com/?q=%EC%B4%88%EB%B0%A524%20%EC%8B%A0%EB%8C%80%EB%B0%A9%EC%A0%90%20%EC%84%9C%EC%9A%B8%20%EB%8F%99%EC%9E%91%EA%B5%AC%20%EB%B3%B4%EB%9D%BC%EB%A7%A4%EB%A1%9C%2098%201%EC%B8%B5%20%28%EC%8B%A0%EB%8C%80%EB%B0%A9%EB%8F%99%29,2026-09-14
23,차오야끼,서울 동작구 국사봉1길 18 1층 1002-1호 (상도동),차오야끼,주소/상호 확인,일본식 중화·퓨전,"새우가지딤섬, 나가사키짬뽕탕, 탄탄면, 야끼소바 계열",일본식 중화; 혼술; 혼밥; 술안주; 개성 있는 면/탕 메뉴,"혼술, 술자리, 이색 메뉴, 저녁","불맛, 고소함, 매콤함, 감칠맛",◎,◎,○,○,△,"일본식 중화, 퓨전, 혼술, 술자리, 이색 메뉴, 저녁, 불맛, 고소함, 매콤함, 감칠맛, 혼밥좋음, 술자리좋음",저녁에 음식과 술을 같이 즐기고 싶은 날,높음,https://search.naver.com/search.naver?query=%EC%B0%A8%EC%98%A4%EC%95%BC%EB%81%BC%20%EA%B5%AD%EC%82%AC%EB%B4%891%EA%B8%B8%2018,https://map.naver.com/p/search/%EC%B0%A8%EC%98%A4%EC%95%BC%EB%81%BC%20%EC%84%9C%EC%9A%B8%20%EB%8F%99%EC%9E%91%EA%B5%AC%20%EA%B5%AD%EC%82%AC%EB%B4%891%EA%B8%B8%2018%201%EC%B8%B5%201002-1%ED%98%B8%20%28%EC%83%81%EB%8F%84%EB%8F%99%29,https://map.kakao.com/?q=%EC%B0%A8%EC%98%A4%EC%95%BC%EB%81%BC%20%EC%84%9C%EC%9A%B8%20%EB%8F%99%EC%9E%91%EA%B5%AC%20%EA%B5%AD%EC%82%AC%EB%B4%891%EA%B8%B8%2018%201%EC%B8%B5%201002-1%ED%98%B8%20%28%EC%83%81%EB%8F%84%EB%8F%99%29,2026-09-14
24,빨강돼지,서울 동작구 대방동길 7 1층 (대방동),빨강돼지,주소/상호 확인,돼지고기·철판볶음,"삼겹살, 돼지볶음/철판구이 계열",돼지고기 중심; 철판 스타일; 저녁 식사; 술안주,"저녁, 술자리, 돼지고기, 매콤한 볶음","매콤함, 구이/볶음, 진한 양념",△,◎,○,X,X,"돼지고기, 철판볶음, 저녁, 술자리, 매콤한 볶음, 매콤함, 구이, 볶음, 진한 양념, 술자리좋음",저녁에 음식과 술을 같이 즐기고 싶은 날,중간,https://search.naver.com/search.naver?query=%EB%B9%A8%EA%B0%95%EB%8F%BC%EC%A7%80%20%EB%8C%80%EB%B0%A9%EB%8F%99%EA%B8%B8%207,https://map.naver.com/p/search/%EB%B9%A8%EA%B0%95%EB%8F%BC%EC%A7%80%20%EC%84%9C%EC%9A%B8%20%EB%8F%99%EC%9E%91%EA%B5%AC%20%EB%8C%80%EB%B0%A9%EB%8F%99%EA%B8%B8%207%201%EC%B8%B5%20%28%EB%8C%80%EB%B0%A9%EB%8F%99%29,https://map.kakao.com/?q=%EB%B9%A8%EA%B0%95%EB%8F%BC%EC%A7%80%20%EC%84%9C%EC%9A%B8%20%EB%8F%99%EC%9E%91%EA%B5%AC%20%EB%8C%80%EB%B0%A9%EB%8F%99%EA%B8%B8%207%201%EC%B8%B5%20%28%EB%8C%80%EB%B0%A9%EB%8F%99%29,2026-09-14
25,상도감자탕,서울 동작구 국사봉길 12 1층 105호 (신대방동),상도감자탕,주소/상호 확인,감자탕·뼈해장국,"뼈다귀전골, 뼈해장국, 만두",뜨끈한 국물; 혼밥; 해장; 얼큰한 식사; 전골은 여럿이 먹기 좋음,"해장, 혼밥, 추운 날, 비 오는 날, 저녁","얼큰함, 진한 국물, 뜨끈함",◎,○,○,◎,X,"감자탕, 뼈해장국, 해장, 혼밥, 추운 날, 비 오는 날, 저녁, 얼큰함, 진한 국물, 뜨끈함, 혼밥좋음, 국물",따뜻한 국물 한 끼가 당기는 날,높음,https://search.naver.com/search.naver?query=%EC%83%81%EB%8F%84%EA%B0%90%EC%9E%90%ED%83%95%20%EA%B5%AD%EC%82%AC%EB%B4%89%EA%B8%B8%2012,https://map.naver.com/p/search/%EC%83%81%EB%8F%84%EA%B0%90%EC%9E%90%ED%83%95%20%EC%84%9C%EC%9A%B8%20%EB%8F%99%EC%9E%91%EA%B5%AC%20%EA%B5%AD%EC%82%AC%EB%B4%89%EA%B8%B8%2012%201%EC%B8%B5%20105%ED%98%B8%20%28%EC%8B%A0%EB%8C%80%EB%B0%A9%EB%8F%99%29,https://map.kakao.com/?q=%EC%83%81%EB%8F%84%EA%B0%90%EC%9E%90%ED%83%95%20%EC%84%9C%EC%9A%B8%20%EB%8F%99%EC%9E%91%EA%B5%AC%20%EA%B5%AD%EC%82%AC%EB%B4%89%EA%B8%B8%2012%201%EC%B8%B5%20105%ED%98%B8%20%28%EC%8B%A0%EB%8C%80%EB%B0%A9%EB%8F%99%29,2026-09-14
26,시간을들이다 본점,서울 동작구 보라매로 80 1층 (신대방동),시간을들이다 본점,주소/상호 확인,베이커리·카페,"초코크림크로와상, 슈크림크로와상, 카라멜소금크로와상, 감자치아바타, 케이크류",크로와상·빵 전문; 디저트; 포장; 카페/간식,"간식, 디저트, 커피와 빵, 가볍게","버터향, 달콤함, 바삭함, 부드러움",◎,X,X,X,○,"베이커리, 카페, 간식, 디저트, 커피와 빵, 가볍게, 버터향, 달콤함, 바삭함, 부드러움, 혼밥좋음",베이커리·카페 메뉴가 당기는 날,높음,https://search.naver.com/search.naver?query=%EC%8B%9C%EA%B0%84%EC%9D%84%EB%93%A4%EC%9D%B4%EB%8B%A4%20%EB%B3%B8%EC%A0%90%20%EB%B3%B4%EB%9D%BC%EB%A7%A4%EB%A1%9C%2080,https://map.naver.com/p/search/%EC%8B%9C%EA%B0%84%EC%9D%84%EB%93%A4%EC%9D%B4%EB%8B%A4%20%EB%B3%B8%EC%A0%90%20%EC%84%9C%EC%9A%B8%20%EB%8F%99%EC%9E%91%EA%B5%AC%20%EB%B3%B4%EB%9D%BC%EB%A7%A4%EB%A1%9C%2080%201%EC%B8%B5%20%28%EC%8B%A0%EB%8C%80%EB%B0%A9%EB%8F%99%29,https://map.kakao.com/?q=%EC%8B%9C%EA%B0%84%EC%9D%84%EB%93%A4%EC%9D%B4%EB%8B%A4%20%EB%B3%B8%EC%A0%90%20%EC%84%9C%EC%9A%B8%20%EB%8F%99%EC%9E%91%EA%B5%AC%20%EB%B3%B4%EB%9D%BC%EB%A7%A4%EB%A1%9C%2080%201%EC%B8%B5%20%28%EC%8B%A0%EB%8C%80%EB%B0%A9%EB%8F%99%29,2026-09-14
27,Moo Moo,서울 동작구 여의대방로24길 66 1층 (신대방동),Moo Moo,주소/상호 확인,브런치·파스타,"화이트 라구 파스타, 부라타 토마토 파스타, 봉골레, 갈릭버터 쉬림프 라이스, 브런치 메뉴",브런치 카페; 파스타; 아늑한 분위기; 데이트; 낮 식사,"브런치, 데이트, 여유로운 점심, 파스타","고소함, 크리미, 산뜻함, 양식",○,○,△,X,○,"브런치, 파스타, 데이트, 여유로운 점심, 고소함, 크리미, 산뜻함, 양식",브런치·파스타 메뉴가 당기는 날,높음,https://search.naver.com/search.naver?query=Moo%20Moo%20%EC%8B%A0%EB%8C%80%EB%B0%A9%EB%8F%99%20%EC%97%AC%EC%9D%98%EB%8C%80%EB%B0%A9%EB%A1%9C24%EA%B8%B8%2066,https://map.naver.com/p/search/Moo%20Moo%20%EC%84%9C%EC%9A%B8%20%EB%8F%99%EC%9E%91%EA%B5%AC%20%EC%97%AC%EC%9D%98%EB%8C%80%EB%B0%A9%EB%A1%9C24%EA%B8%B8%2066%201%EC%B8%B5%20%28%EC%8B%A0%EB%8C%80%EB%B0%A9%EB%8F%99%29,https://map.kakao.com/?q=Moo%20Moo%20%EC%84%9C%EC%9A%B8%20%EB%8F%99%EC%9E%91%EA%B5%AC%20%EC%97%AC%EC%9D%98%EB%8C%80%EB%B0%A9%EB%A1%9C24%EA%B8%B8%2066%201%EC%B8%B5%20%28%EC%8B%A0%EB%8C%80%EB%B0%A9%EB%8F%99%29,2026-09-14
28,오다,서울 동작구 여의대방로24길 70 2층 (신대방동),오다,주소/상호 확인,이자카야·일식주점,"사시미 모리아와세, 사시미 고노와다, 가쿠니스테이크, 후토마끼, 치킨난반, 게내장크림우동파스타, 나베",사시미·퓨전 안주; 술모임; 데이트; 저녁,"술자리, 데이트, 사시미, 특별한 저녁","신선함, 감칠맛, 짭짤함, 크리미",△,◎,△,○,△,"이자카야, 일식주점, 술자리, 데이트, 사시미, 특별한 저녁, 신선함, 감칠맛, 짭짤함, 크리미, 술자리좋음",저녁에 음식과 술을 같이 즐기고 싶은 날,높음,https://search.naver.com/search.naver?query=%EC%98%A4%EB%8B%A4%20%EC%97%AC%EC%9D%98%EB%8C%80%EB%B0%A9%EB%A1%9C24%EA%B8%B8%2070,https://map.naver.com/p/search/%EC%98%A4%EB%8B%A4%20%EC%84%9C%EC%9A%B8%20%EB%8F%99%EC%9E%91%EA%B5%AC%20%EC%97%AC%EC%9D%98%EB%8C%80%EB%B0%A9%EB%A1%9C24%EA%B8%B8%2070%202%EC%B8%B5%20%28%EC%8B%A0%EB%8C%80%EB%B0%A9%EB%8F%99%29,https://map.kakao.com/?q=%EC%98%A4%EB%8B%A4%20%EC%84%9C%EC%9A%B8%20%EB%8F%99%EC%9E%91%EA%B5%AC%20%EC%97%AC%EC%9D%98%EB%8C%80%EB%B0%A9%EB%A1%9C24%EA%B8%B8%2070%202%EC%B8%B5%20%28%EC%8B%A0%EB%8C%80%EB%B0%A9%EB%8F%99%29,2026-09-14
29,쌍둥이네 풍천장어,서울 동작구 여의대방로22길 98 1층 (신대방동),쌍둥이네 풍천장어,주소/상호 확인,장어구이,"장어소금구이, 갑오징어, 꼬장세트",장어 전문; 몸보신; 가족식사; 모임; 주차 정보,"몸보신, 부모님과, 가족외식, 든든한 저녁","고소함, 담백함, 숯불구이, 보양식",△,○,△,△,X,"장어구이, 몸보신, 부모님과, 가족외식, 든든한 저녁, 고소함, 담백함, 숯불구이, 보양식",장어구이 메뉴가 당기는 날,높음,https://search.naver.com/search.naver?query=%EC%8C%8D%EB%91%A5%EC%9D%B4%EB%84%A4%20%ED%92%8D%EC%B2%9C%EC%9E%A5%EC%96%B4%20%EC%8B%A0%EB%8C%80%EB%B0%A9%EB%8F%99,https://map.naver.com/p/search/%EC%8C%8D%EB%91%A5%EC%9D%B4%EB%84%A4%20%ED%92%8D%EC%B2%9C%EC%9E%A5%EC%96%B4%20%EC%84%9C%EC%9A%B8%20%EB%8F%99%EC%9E%91%EA%B5%AC%20%EC%97%AC%EC%9D%98%EB%8C%80%EB%B0%A9%EB%A1%9C22%EA%B8%B8%2098%201%EC%B8%B5%20%28%EC%8B%A0%EB%8C%80%EB%B0%A9%EB%8F%99%29,https://map.kakao.com/?q=%EC%8C%8D%EB%91%A5%EC%9D%B4%EB%84%A4%20%ED%92%8D%EC%B2%9C%EC%9E%A5%EC%96%B4%20%EC%84%9C%EC%9A%B8%20%EB%8F%99%EC%9E%91%EA%B5%AC%20%EC%97%AC%EC%9D%98%EB%8C%80%EB%B0%A9%EB%A1%9C22%EA%B8%B8%2098%201%EC%B8%B5%20%28%EC%8B%A0%EB%8C%80%EB%B0%A9%EB%8F%99%29,2026-09-14
30,이고집주꾸미,서울 동작구 여의대방로22길 80 1층 (신대방동),이고집주꾸미,주소/상호 확인,주꾸미볶음,"이고집주꾸미, 삼겹주꾸미, 새우주꾸미, 볶음밥",매운 주꾸미; 점심특선 정보; 볶음밥 마무리; 술안주/식사,"매운 것 땡길 때, 점심, 술자리, 스트레스 풀기","매콤함, 불맛, 달큰함, 볶음",○,◎,◎,X,X,"주꾸미볶음, 매운 것 땡길 때, 점심, 술자리, 스트레스 풀기, 매콤함, 불맛, 달큰함, 볶음, 술자리좋음, 매운맛",저녁에 음식과 술을 같이 즐기고 싶은 날,높음,https://search.naver.com/search.naver?query=%EC%9D%B4%EA%B3%A0%EC%A7%91%EC%A3%BC%EA%BE%B8%EB%AF%B8%20%EC%8B%A0%EB%8C%80%EB%B0%A9%EB%8F%99,https://map.naver.com/p/search/%EC%9D%B4%EA%B3%A0%EC%A7%91%EC%A3%BC%EA%BE%B8%EB%AF%B8%20%EC%84%9C%EC%9A%B8%20%EB%8F%99%EC%9E%91%EA%B5%AC%20%EC%97%AC%EC%9D%98%EB%8C%80%EB%B0%A9%EB%A1%9C22%EA%B8%B8%2080%201%EC%B8%B5%20%28%EC%8B%A0%EB%8C%80%EB%B0%A9%EB%8F%99%29,https://map.kakao.com/?q=%EC%9D%B4%EA%B3%A0%EC%A7%91%EC%A3%BC%EA%BE%B8%EB%AF%B8%20%EC%84%9C%EC%9A%B8%20%EB%8F%99%EC%9E%91%EA%B5%AC%20%EC%97%AC%EC%9D%98%EB%8C%80%EB%B0%A9%EB%A1%9C22%EA%B8%B8%2080%201%EC%B8%B5%20%28%EC%8B%A0%EB%8C%80%EB%B0%A9%EB%8F%99%29,2026-09-14
31,천안문,서울 동작구 보라매로 65 1층 (신대방동),천안문,주소/상호 확인,중식,"짜장면, 해물짬뽕, 간짜장, 볶음밥, 탕수육, 깐풍기",동네 중국집; 가성비; 식사/요리 선택; 혼밥 가능,"점심, 혼밥, 중국집, 짬뽕/짜장","불맛, 얼큰함, 짭짤함, 달큰함",◎,○,○,○,△,"중식, 점심, 혼밥, 중국집, 짬뽕, 짜장, 불맛, 얼큰함, 짭짤함, 달큰함, 혼밥좋음",중식 메뉴가 당기는 날,높음,https://search.naver.com/search.naver?query=%EC%B2%9C%EC%95%88%EB%AC%B8%20%EB%B3%B4%EB%9D%BC%EB%A7%A4%EB%A1%9C%2065,https://map.naver.com/p/search/%EC%B2%9C%EC%95%88%EB%AC%B8%20%EC%84%9C%EC%9A%B8%20%EB%8F%99%EC%9E%91%EA%B5%AC%20%EB%B3%B4%EB%9D%BC%EB%A7%A4%EB%A1%9C%2065%201%EC%B8%B5%20%28%EC%8B%A0%EB%8C%80%EB%B0%A9%EB%8F%99%29,https://map.kakao.com/?q=%EC%B2%9C%EC%95%88%EB%AC%B8%20%EC%84%9C%EC%9A%B8%20%EB%8F%99%EC%9E%91%EA%B5%AC%20%EB%B3%B4%EB%9D%BC%EB%A7%A4%EB%A1%9C%2065%201%EC%B8%B5%20%28%EC%8B%A0%EB%8C%80%EB%B0%A9%EB%8F%99%29,2026-09-14
32,풀향기손칼국수,서울 동작구 보라매로 73 1층 (신대방동),풀향기손칼국수,주소/상호 확인,바지락칼국수·손칼국수,"바지락칼국수, 손칼국수, 보리밥(곁들임 정보)",시원한 바지락 국물; 혼밥; 부모님과 식사; 김치와 칼국수,"비 오는 날, 추운 날, 점심, 혼밥, 국물","시원한 국물, 담백함, 뜨끈함",◎,X,△,◎,○,"바지락칼국수, 손칼국수, 비 오는 날, 추운 날, 점심, 혼밥, 국물, 시원한 국물, 담백함, 뜨끈함, 혼밥좋음",따뜻한 국물 한 끼가 당기는 날,높음,https://search.naver.com/search.naver?query=%ED%92%80%ED%96%A5%EA%B8%B0%EC%86%90%EC%B9%BC%EA%B5%AD%EC%88%98%20%EB%B3%B4%EB%9D%BC%EB%A7%A4%EB%A1%9C%2073,https://map.naver.com/p/search/%ED%92%80%ED%96%A5%EA%B8%B0%EC%86%90%EC%B9%BC%EA%B5%AD%EC%88%98%20%EC%84%9C%EC%9A%B8%20%EB%8F%99%EC%9E%91%EA%B5%AC%20%EB%B3%B4%EB%9D%BC%EB%A7%A4%EB%A1%9C%2073%201%EC%B8%B5%20%28%EC%8B%A0%EB%8C%80%EB%B0%A9%EB%8F%99%29,https://map.kakao.com/?q=%ED%92%80%ED%96%A5%EA%B8%B0%EC%86%90%EC%B9%BC%EA%B5%AD%EC%88%98%20%EC%84%9C%EC%9A%B8%20%EB%8F%99%EC%9E%91%EA%B5%AC%20%EB%B3%B4%EB%9D%BC%EB%A7%A4%EB%A1%9C%2073%201%EC%B8%B5%20%28%EC%8B%A0%EB%8C%80%EB%B0%A9%EB%8F%99%29,2026-09-14
33,포케포케,서울 동작구 보라매로 83 상가 1층 103호 (신대방동),포케포케,주소/상호 확인,포케·건강식,"두부포케, 머쉬룸포케, 치킨포케, 포크포케, 쉬림프포케, 훈제오리포케, 우삼겹포케, 스테이크포케",포케 전문; 다이어트; 단백질 선택 다양; 포장/배달 중심,"다이어트, 점심, 가볍게, 단백질 식사","신선함, 담백함, 산뜻함",◎,X,△,X,◎,"포케, 건강식, 다이어트, 점심, 가볍게, 단백질 식사, 신선함, 담백함, 산뜻함, 혼밥좋음, 가벼운식사",가볍고 부담 적은 메뉴를 먹고 싶은 날,높음,https://search.naver.com/search.naver?query=%ED%8F%AC%EC%BC%80%ED%8F%AC%EC%BC%80%20%EB%B3%B4%EB%9D%BC%EB%A7%A4%EB%A1%9C%2083,https://map.naver.com/p/search/%ED%8F%AC%EC%BC%80%ED%8F%AC%EC%BC%80%20%EC%84%9C%EC%9A%B8%20%EB%8F%99%EC%9E%91%EA%B5%AC%20%EB%B3%B4%EB%9D%BC%EB%A7%A4%EB%A1%9C%2083%20%EC%83%81%EA%B0%80%201%EC%B8%B5%20103%ED%98%B8%20%28%EC%8B%A0%EB%8C%80%EB%B0%A9%EB%8F%99%29,https://map.kakao.com/?q=%ED%8F%AC%EC%BC%80%ED%8F%AC%EC%BC%80%20%EC%84%9C%EC%9A%B8%20%EB%8F%99%EC%9E%91%EA%B5%AC%20%EB%B3%B4%EB%9D%BC%EB%A7%A4%EB%A1%9C%2083%20%EC%83%81%EA%B0%80%201%EC%B8%B5%20103%ED%98%B8%20%28%EC%8B%A0%EB%8C%80%EB%B0%A9%EB%8F%99%29,2026-09-14
34,유태우스시,서울 동작구 보라매로 113 1층 (대방동),유태우스시,주소/상호 확인,회전초밥·스시,"회전초밥, 우동, 회덮밥",가성비 회전초밥; 혼밥; 가족식사; 원하는 접시 선택,"혼밥, 점심, 초밥, 가족식사","신선함, 담백함, 간장/와사비",◎,△,X,○,○,"회전초밥, 스시, 혼밥, 점심, 초밥, 가족식사, 신선함, 담백함, 간장, 와사비, 혼밥좋음",회전초밥·스시 메뉴가 당기는 날,높음,https://search.naver.com/search.naver?query=%EC%9C%A0%ED%83%9C%EC%9A%B0%EC%8A%A4%EC%8B%9C%20%EB%B3%B4%EB%9D%BC%EB%A7%A4%EB%A1%9C%20113,https://map.naver.com/p/search/%EC%9C%A0%ED%83%9C%EC%9A%B0%EC%8A%A4%EC%8B%9C%20%EC%84%9C%EC%9A%B8%20%EB%8F%99%EC%9E%91%EA%B5%AC%20%EB%B3%B4%EB%9D%BC%EB%A7%A4%EB%A1%9C%20113%201%EC%B8%B5%20%28%EB%8C%80%EB%B0%A9%EB%8F%99%29,https://map.kakao.com/?q=%EC%9C%A0%ED%83%9C%EC%9A%B0%EC%8A%A4%EC%8B%9C%20%EC%84%9C%EC%9A%B8%20%EB%8F%99%EC%9E%91%EA%B5%AC%20%EB%B3%B4%EB%9D%BC%EB%A7%A4%EB%A1%9C%20113%201%EC%B8%B5%20%28%EB%8C%80%EB%B0%A9%EB%8F%99%29,2026-09-14
35,뱃살도둑 신대방삼거리점,서울 동작구 여의대방로22길 121 보라매자이 더 포레스트 상가,뱃살도둑 신대방삼거리점,주소/상호 확인,포케·샐러드·다이어트식,"그릴드치킨 식스팩, 목살포케, 치킨포케, 스테이크샐러드",고단백 건강식; 다이어트; 포케/샐러드; 배달/포장,"다이어트, 운동 후, 점심, 가볍지만 든든하게","담백함, 신선함, 그릴향",◎,X,△,X,◎,"포케, 샐러드, 다이어트식, 다이어트, 운동 후, 점심, 가볍지만 든든하게, 담백함, 신선함, 그릴향, 혼밥좋음, 가벼운식사",가볍고 부담 적은 메뉴를 먹고 싶은 날,높음,https://search.naver.com/search.naver?query=%EB%B1%83%EC%82%B4%EB%8F%84%EB%91%91%20%EC%8B%A0%EB%8C%80%EB%B0%A9%EC%82%BC%EA%B1%B0%EB%A6%AC%EC%A0%90,https://map.naver.com/p/search/%EB%B1%83%EC%82%B4%EB%8F%84%EB%91%91%20%EC%8B%A0%EB%8C%80%EB%B0%A9%EC%82%BC%EA%B1%B0%EB%A6%AC%EC%A0%90%20%EC%84%9C%EC%9A%B8%20%EB%8F%99%EC%9E%91%EA%B5%AC%20%EC%97%AC%EC%9D%98%EB%8C%80%EB%B0%A9%EB%A1%9C22%EA%B8%B8%20121%20%EB%B3%B4%EB%9D%BC%EB%A7%A4%EC%9E%90%EC%9D%B4%20%EB%8D%94%20%ED%8F%AC%EB%A0%88%EC%8A%A4%ED%8A%B8%20%EC%83%81%EA%B0%80,https://map.kakao.com/?q=%EB%B1%83%EC%82%B4%EB%8F%84%EB%91%91%20%EC%8B%A0%EB%8C%80%EB%B0%A9%EC%82%BC%EA%B1%B0%EB%A6%AC%EC%A0%90%20%EC%84%9C%EC%9A%B8%20%EB%8F%99%EC%9E%91%EA%B5%AC%20%EC%97%AC%EC%9D%98%EB%8C%80%EB%B0%A9%EB%A1%9C22%EA%B8%B8%20121%20%EB%B3%B4%EB%9D%BC%EB%A7%A4%EC%9E%90%EC%9D%B4%20%EB%8D%94%20%ED%8F%AC%EB%A0%88%EC%8A%A4%ED%8A%B8%20%EC%83%81%EA%B0%80,2026-09-14
36,꿈꾸는돼지,서울 동작구 여의대방로22길 138 1층 (신대방동),꿈꾸는돼지 신대방삼거리역점,주소 일치; 지점명 검색 노출,삼겹살·목살·항정살,"명품삼겹, 명품목살, 통항정살, 무생채비빔밥",두툼한 돼지고기; 구워주는 후기; 웨이팅; 연탄구이; 저녁,"저녁, 데이트, 가족외식, 돼지고기","육즙, 불향, 고소함, 구이",△,◎,△,X,X,"삼겹살, 목살, 항정살, 저녁, 데이트, 가족외식, 돼지고기, 육즙, 불향, 고소함, 구이, 술자리좋음",저녁에 음식과 술을 같이 즐기고 싶은 날,높음,https://www.diningcode.com/profile.php?rid=Y3KO0YnndPB9,https://map.naver.com/p/search/%EA%BF%88%EA%BE%B8%EB%8A%94%EB%8F%BC%EC%A7%80%20%EC%8B%A0%EB%8C%80%EB%B0%A9%EC%82%BC%EA%B1%B0%EB%A6%AC%EC%97%AD%EC%A0%90%20%EC%84%9C%EC%9A%B8%20%EB%8F%99%EC%9E%91%EA%B5%AC%20%EC%97%AC%EC%9D%98%EB%8C%80%EB%B0%A9%EB%A1%9C22%EA%B8%B8%20138%201%EC%B8%B5%20%28%EC%8B%A0%EB%8C%80%EB%B0%A9%EB%8F%99%29,https://map.kakao.com/?q=%EA%BF%88%EA%BE%B8%EB%8A%94%EB%8F%BC%EC%A7%80%20%EC%8B%A0%EB%8C%80%EB%B0%A9%EC%82%BC%EA%B1%B0%EB%A6%AC%EC%97%AD%EC%A0%90%20%EC%84%9C%EC%9A%B8%20%EB%8F%99%EC%9E%91%EA%B5%AC%20%EC%97%AC%EC%9D%98%EB%8C%80%EB%B0%A9%EB%A1%9C22%EA%B8%B8%20138%201%EC%B8%B5%20%28%EC%8B%A0%EB%8C%80%EB%B0%A9%EB%8F%99%29,2026-09-14
37,숲,서울 동작구 여의대방로22길 121 1층 1431호 (신대방동),숲,주소/상호 확인,이자카야·텐동·퓨전,"텐동, 이자카야 안주류",혼술; 바/다찌 좌석; 늦은 저녁; 가성비 안주; 술집,"혼술, 2차, 저녁, 가볍게 한잔","바삭함, 짭짤함, 감칠맛",◎,◎,△,△,△,"이자카야, 텐동, 퓨전, 혼술, 2차, 저녁, 가볍게 한잔, 바삭함, 짭짤함, 감칠맛, 혼밥좋음, 술자리좋음",저녁에 음식과 술을 같이 즐기고 싶은 날,중간,https://search.naver.com/search.naver?query=%EC%88%B2%20%EC%8B%A0%EB%8C%80%EB%B0%A9%EB%8F%99%20%EC%97%AC%EC%9D%98%EB%8C%80%EB%B0%A9%EB%A1%9C22%EA%B8%B8%20121%201431,https://map.naver.com/p/search/%EC%88%B2%20%EC%84%9C%EC%9A%B8%20%EB%8F%99%EC%9E%91%EA%B5%AC%20%EC%97%AC%EC%9D%98%EB%8C%80%EB%B0%A9%EB%A1%9C22%EA%B8%B8%20121%201%EC%B8%B5%201431%ED%98%B8%20%28%EC%8B%A0%EB%8C%80%EB%B0%A9%EB%8F%99%29,https://map.kakao.com/?q=%EC%88%B2%20%EC%84%9C%EC%9A%B8%20%EB%8F%99%EC%9E%91%EA%B5%AC%20%EC%97%AC%EC%9D%98%EB%8C%80%EB%B0%A9%EB%A1%9C22%EA%B8%B8%20121%201%EC%B8%B5%201431%ED%98%B8%20%28%EC%8B%A0%EB%8C%80%EB%B0%A9%EB%8F%99%29,2026-09-14
38,미분당 신대방삼거리점,서울 동작구 보라매로19길 25 1층 101호 (신대방동),미분당 신대방삼거리점,주소/상호 확인,베트남쌀국수,"차돌쌀국수, 양지쌀국수, 힘줄쌀국수, 차돌·양지·힘줄 쌀국수, 짜조",조용한 식사; 바 테이블; 혼밥; 깊은 국물; 빠른 한 끼,"혼밥, 해장, 따뜻한 국물, 조용히 먹기","담백함, 깊은 육수, 뜨끈함, 향신료",◎,X,△,◎,○,"베트남쌀국수, 혼밥, 해장, 따뜻한 국물, 조용히 먹기, 담백함, 깊은 육수, 뜨끈함, 향신료, 혼밥좋음, 국물",따뜻한 국물 한 끼가 당기는 날,높음,https://search.naver.com/search.naver?query=%EB%AF%B8%EB%B6%84%EB%8B%B9%20%EC%8B%A0%EB%8C%80%EB%B0%A9%EC%82%BC%EA%B1%B0%EB%A6%AC%EC%A0%90,https://map.naver.com/p/search/%EB%AF%B8%EB%B6%84%EB%8B%B9%20%EC%8B%A0%EB%8C%80%EB%B0%A9%EC%82%BC%EA%B1%B0%EB%A6%AC%EC%A0%90%20%EC%84%9C%EC%9A%B8%20%EB%8F%99%EC%9E%91%EA%B5%AC%20%EB%B3%B4%EB%9D%BC%EB%A7%A4%EB%A1%9C19%EA%B8%B8%2025%201%EC%B8%B5%20101%ED%98%B8%20%28%EC%8B%A0%EB%8C%80%EB%B0%A9%EB%8F%99%29,https://map.kakao.com/?q=%EB%AF%B8%EB%B6%84%EB%8B%B9%20%EC%8B%A0%EB%8C%80%EB%B0%A9%EC%82%BC%EA%B1%B0%EB%A6%AC%EC%A0%90%20%EC%84%9C%EC%9A%B8%20%EB%8F%99%EC%9E%91%EA%B5%AC%20%EB%B3%B4%EB%9D%BC%EB%A7%A4%EB%A1%9C19%EA%B8%B8%2025%201%EC%B8%B5%20101%ED%98%B8%20%28%EC%8B%A0%EB%8C%80%EB%B0%A9%EB%8F%99%29,2026-09-14
39,88돼패쌈밥,서울 동작구 보라매로 99 1층 (신대방동),88돼패쌈밥,주소/상호 확인,대패삼겹·쌈밥,"냉삼겹돼패쌈밥, 빨간돼패쌈밥, 차돌박이쌈밥, 쌈채소 셀프바",쌈채소 셀프바; 레트로/포차 분위기; 단체; 회식; 콜키지 정보,"회식, 쌈밥, 고기, 친구모임, 저녁","고소함, 매콤 선택, 채소 곁들임",△,◎,○,△,X,"대패삼겹, 쌈밥, 회식, 고기, 친구모임, 저녁, 고소함, 매콤 선택, 채소 곁들임, 술자리좋음",저녁에 음식과 술을 같이 즐기고 싶은 날,높음,https://search.naver.com/search.naver?query=88%EB%8F%BC%ED%8C%A8%EC%8C%88%EB%B0%A5%20%EB%B3%B4%EB%9D%BC%EB%A7%A4%EB%A1%9C%2099,https://map.naver.com/p/search/88%EB%8F%BC%ED%8C%A8%EC%8C%88%EB%B0%A5%20%EC%84%9C%EC%9A%B8%20%EB%8F%99%EC%9E%91%EA%B5%AC%20%EB%B3%B4%EB%9D%BC%EB%A7%A4%EB%A1%9C%2099%201%EC%B8%B5%20%28%EC%8B%A0%EB%8C%80%EB%B0%A9%EB%8F%99%29,https://map.kakao.com/?q=88%EB%8F%BC%ED%8C%A8%EC%8C%88%EB%B0%A5%20%EC%84%9C%EC%9A%B8%20%EB%8F%99%EC%9E%91%EA%B5%AC%20%EB%B3%B4%EB%9D%BC%EB%A7%A4%EB%A1%9C%2099%201%EC%B8%B5%20%28%EC%8B%A0%EB%8C%80%EB%B0%A9%EB%8F%99%29,2026-09-14
40,이을,서울 동작구 보라매로 93 1층 (신대방동),이을 (과거 검색 정보) / 현재 동일 주소 다른 업장 가능성,주의: 검색상 보라매로93에 다른 업장(시선) 노출; 상호 변경/폐업 가능성,요리주점·퓨전,"쯔란고기튀김, 치킨난반, 토리토마토 (과거 검색 정보)",요리 중심 술집; 늦은 영업; 단체 가능; 현재 운영 여부 재확인 필요,"술자리, 저녁, 이색 안주 (방문 전 확인)","향신료, 짭짤함, 감칠맛",△,◎,○,△,X,"요리주점, 퓨전, 술자리, 저녁, 이색 안주 (방문 전 확인), 향신료, 짭짤함, 감칠맛, 술자리좋음",저녁에 음식과 술을 같이 즐기고 싶은 날,낮음,https://search.naver.com/search.naver?query=%EC%9D%B4%EC%9D%84%20%EB%B3%B4%EB%9D%BC%EB%A7%A4%EB%A1%9C%2093%20%EC%8B%A0%EB%8C%80%EB%B0%A9%EB%8F%99,https://map.naver.com/p/search/%EC%9D%B4%EC%9D%84%20%28%EA%B3%BC%EA%B1%B0%20%EA%B2%80%EC%83%89%20%EC%A0%95%EB%B3%B4%29%20%2F%20%ED%98%84%EC%9E%AC%20%EB%8F%99%EC%9D%BC%20%EC%A3%BC%EC%86%8C%20%EB%8B%A4%EB%A5%B8%20%EC%97%85%EC%9E%A5%20%EA%B0%80%EB%8A%A5%EC%84%B1%20%EC%84%9C%EC%9A%B8%20%EB%8F%99%EC%9E%91%EA%B5%AC%20%EB%B3%B4%EB%9D%BC%EB%A7%A4%EB%A1%9C%2093%201%EC%B8%B5%20%28%EC%8B%A0%EB%8C%80%EB%B0%A9%EB%8F%99%29,https://map.kakao.com/?q=%EC%9D%B4%EC%9D%84%20%28%EA%B3%BC%EA%B1%B0%20%EA%B2%80%EC%83%89%20%EC%A0%95%EB%B3%B4%29%20%2F%20%ED%98%84%EC%9E%AC%20%EB%8F%99%EC%9D%BC%20%EC%A3%BC%EC%86%8C%20%EB%8B%A4%EB%A5%B8%20%EC%97%85%EC%9E%A5%20%EA%B0%80%EB%8A%A5%EC%84%B1%20%EC%84%9C%EC%9A%B8%20%EB%8F%99%EC%9E%91%EA%B5%AC%20%EB%B3%B4%EB%9D%BC%EB%A7%A4%EB%A1%9C%2093%201%EC%B8%B5%20%28%EC%8B%A0%EB%8C%80%EB%B0%A9%EB%8F%99%29,2026-09-14
41,피자스쿨 신대방삼거리역점,서울 동작구 보라매로 93 1층 (신대방동),피자스쿨 신대방삼거리역점,주소/상호 확인,피자,"치즈피자, 페퍼로니/불고기/콤비네이션 계열 피자, 시즌 피자",가성비 피자; 포장; 여러 명 나눠먹기; 간단한 저녁,"포장, 간식, 친구와 나눠먹기, 피자 땡길 때","치즈, 고소함, 짭짤함, 바삭/쫄깃",○,△,△,X,X,"피자, 포장, 간식, 친구와 나눠먹기, 피자 땡길 때, 치즈, 고소함, 짭짤함, 바삭, 쫄깃",간단하고 익숙한 메뉴로 빠르게 먹고 싶은 날,중간,https://search.naver.com/search.naver?query=%ED%94%BC%EC%9E%90%EC%8A%A4%EC%BF%A8%20%EC%8B%A0%EB%8C%80%EB%B0%A9%EC%82%BC%EA%B1%B0%EB%A6%AC%EC%97%AD%EC%A0%90,https://map.naver.com/p/search/%ED%94%BC%EC%9E%90%EC%8A%A4%EC%BF%A8%20%EC%8B%A0%EB%8C%80%EB%B0%A9%EC%82%BC%EA%B1%B0%EB%A6%AC%EC%97%AD%EC%A0%90%20%EC%84%9C%EC%9A%B8%20%EB%8F%99%EC%9E%91%EA%B5%AC%20%EB%B3%B4%EB%9D%BC%EB%A7%A4%EB%A1%9C%2093%201%EC%B8%B5%20%28%EC%8B%A0%EB%8C%80%EB%B0%A9%EB%8F%99%29,https://map.kakao.com/?q=%ED%94%BC%EC%9E%90%EC%8A%A4%EC%BF%A8%20%EC%8B%A0%EB%8C%80%EB%B0%A9%EC%82%BC%EA%B1%B0%EB%A6%AC%EC%97%AD%EC%A0%90%20%EC%84%9C%EC%9A%B8%20%EB%8F%99%EC%9E%91%EA%B5%AC%20%EB%B3%B4%EB%9D%BC%EB%A7%A4%EB%A1%9C%2093%201%EC%B8%B5%20%28%EC%8B%A0%EB%8C%80%EB%B0%A9%EB%8F%99%29,2026-09-14
42,채가네부대찌개돈까스,서울 동작구 국사봉2길 22 1층 (신대방동),채가네부대찌개돈까스,주소/상호 확인; 상세 메뉴 공개정보 제한,부대찌개·돈까스,"부대찌개, 돈까스 (상호 및 업종 기반; 상세 구성 재확인 권장)",찌개와 돈까스; 점심 한 끼; 혼밥/소규모 식사에 적합한 유형,"점심, 뜨끈한 찌개, 돈까스, 든든하게","얼큰함, 뜨끈함, 바삭함",◎,△,○,◎,X,"부대찌개, 돈까스, 점심, 뜨끈한 찌개, 든든하게, 얼큰함, 뜨끈함, 바삭함, 혼밥좋음, 국물",따뜻한 국물 한 끼가 당기는 날,중간,https://search.naver.com/search.naver?query=%EC%B1%84%EA%B0%80%EB%84%A4%EB%B6%80%EB%8C%80%EC%B0%8C%EA%B0%9C%EB%8F%88%EA%B9%8C%EC%8A%A4%20%EA%B5%AD%EC%82%AC%EB%B4%892%EA%B8%B8%2022,https://map.naver.com/p/search/%EC%B1%84%EA%B0%80%EB%84%A4%EB%B6%80%EB%8C%80%EC%B0%8C%EA%B0%9C%EB%8F%88%EA%B9%8C%EC%8A%A4%20%EC%84%9C%EC%9A%B8%20%EB%8F%99%EC%9E%91%EA%B5%AC%20%EA%B5%AD%EC%82%AC%EB%B4%892%EA%B8%B8%2022%201%EC%B8%B5%20%28%EC%8B%A0%EB%8C%80%EB%B0%A9%EB%8F%99%29,https://map.kakao.com/?q=%EC%B1%84%EA%B0%80%EB%84%A4%EB%B6%80%EB%8C%80%EC%B0%8C%EA%B0%9C%EB%8F%88%EA%B9%8C%EC%8A%A4%20%EC%84%9C%EC%9A%B8%20%EB%8F%99%EC%9E%91%EA%B5%AC%20%EA%B5%AD%EC%82%AC%EB%B4%892%EA%B8%B8%2022%201%EC%B8%B5%20%28%EC%8B%A0%EB%8C%80%EB%B0%A9%EB%8F%99%29,2026-09-14
43,이가초밥,서울 동작구 국사봉1길 41 1층 (상도동),이가초밥,주소 불일치: 현재 검색/공공자료는 국사봉1길 4 (원본은 41),초밥·일식,"이가초밥(모둠 구성), 연어초밥 등 초밥류",착한가격업소; 가성비; 혼밥; 데이트; 테이크아웃/배달 정보,"점심, 혼밥, 데이트, 가성비 초밥","신선함, 담백함, 간장/와사비",◎,△,X,△,○,"초밥, 일식, 점심, 혼밥, 데이트, 가성비 초밥, 신선함, 담백함, 간장, 와사비, 혼밥좋음",초밥·일식 메뉴가 당기는 날,높음,https://www.diningcode.com/profile.php?rid=t86zPGPJDvF6,https://map.naver.com/p/search/%EC%9D%B4%EA%B0%80%EC%B4%88%EB%B0%A5%20%EC%84%9C%EC%9A%B8%20%EB%8F%99%EC%9E%91%EA%B5%AC%20%EA%B5%AD%EC%82%AC%EB%B4%891%EA%B8%B8%2041%201%EC%B8%B5%20%28%EC%83%81%EB%8F%84%EB%8F%99%29,https://map.kakao.com/?q=%EC%9D%B4%EA%B0%80%EC%B4%88%EB%B0%A5%20%EC%84%9C%EC%9A%B8%20%EB%8F%99%EC%9E%91%EA%B5%AC%20%EA%B5%AD%EC%82%AC%EB%B4%891%EA%B8%B8%2041%201%EC%B8%B5%20%28%EC%83%81%EB%8F%84%EB%8F%99%29,2026-09-14
44,스미비부타동,서울 동작구 국사봉1길 41 1층 (상도동),스미비부타동,주소 불일치: 현재 검색상 국사봉1길 4 (원본은 41),부타동·일식 덮밥,"부타동, 토리동, 마제소바, 탄탄멘",숯불 돼지고기 덮밥; 바 좌석; 혼밥; 작은 매장; 일식 한 끼,"혼밥, 점심, 덮밥, 숯불향 고기","불향, 달짭, 고소함, 진한 소스",◎,△,○,△,△,"부타동, 일식 덮밥, 혼밥, 점심, 덮밥, 숯불향 고기, 불향, 달짭, 고소함, 진한 소스, 혼밥좋음",부타동·일식 덮밥 메뉴가 당기는 날,높음,https://search.naver.com/search.naver?query=%EC%8A%A4%EB%AF%B8%EB%B9%84%EB%B6%80%ED%83%80%EB%8F%99%20%EA%B5%AD%EC%82%AC%EB%B4%891%EA%B8%B8%204,https://map.naver.com/p/search/%EC%8A%A4%EB%AF%B8%EB%B9%84%EB%B6%80%ED%83%80%EB%8F%99%20%EC%84%9C%EC%9A%B8%20%EB%8F%99%EC%9E%91%EA%B5%AC%20%EA%B5%AD%EC%82%AC%EB%B4%891%EA%B8%B8%2041%201%EC%B8%B5%20%28%EC%83%81%EB%8F%84%EB%8F%99%29,https://map.kakao.com/?q=%EC%8A%A4%EB%AF%B8%EB%B9%84%EB%B6%80%ED%83%80%EB%8F%99%20%EC%84%9C%EC%9A%B8%20%EB%8F%99%EC%9E%91%EA%B5%AC%20%EA%B5%AD%EC%82%AC%EB%B4%891%EA%B8%B8%2041%201%EC%B8%B5%20%28%EC%83%81%EB%8F%84%EB%8F%99%29,2026-09-14
45,카츠 디나인 신대방삼거리 본점,서울 동작구 국사봉1길 12-5 1층 (상도동),카츠 디나인(카츠 D9),주소/상호 확인,돈카츠,"모듬돈카츠, 등심/안심 돈카츠 계열",돈카츠 전문; 동작구 인정맛집/모범음식점 정보; 점심; 바삭한 메뉴,"점심, 혼밥, 돈카츠, 든든한 한 끼","바삭함, 육즙, 고소함",◎,△,X,X,△,"돈카츠, 점심, 혼밥, 든든한 한 끼, 바삭함, 육즙, 고소함, 혼밥좋음",돈카츠 메뉴가 당기는 날,높음,https://fmr.purpleo.co.kr/view/3712,https://map.naver.com/p/search/%EC%B9%B4%EC%B8%A0%20%EB%94%94%EB%82%98%EC%9D%B8%28%EC%B9%B4%EC%B8%A0%20D9%29%20%EC%84%9C%EC%9A%B8%20%EB%8F%99%EC%9E%91%EA%B5%AC%20%EA%B5%AD%EC%82%AC%EB%B4%891%EA%B8%B8%2012-5%201%EC%B8%B5%20%28%EC%83%81%EB%8F%84%EB%8F%99%29,https://map.kakao.com/?q=%EC%B9%B4%EC%B8%A0%20%EB%94%94%EB%82%98%EC%9D%B8%28%EC%B9%B4%EC%B8%A0%20D9%29%20%EC%84%9C%EC%9A%B8%20%EB%8F%99%EC%9E%91%EA%B5%AC%20%EA%B5%AD%EC%82%AC%EB%B4%891%EA%B8%B8%2012-5%201%EC%B8%B5%20%28%EC%83%81%EB%8F%84%EB%8F%99%29,2026-09-14
46,포안베트남쌀국수,서울 동작구 국사봉1길 11 대룡빌딩 1층 (상도동),포안베트남쌀국수,주소/상호 확인,베트남쌀국수·분짜,"소고기쌀국수, 얼큰소고기쌀국수, 해물짬뽕쌀국수, 반미, 분짜, 볶음밥",쌀국수 메뉴 다양; 혼밥; 해장; 푸짐함; 깔끔한 식사,"혼밥, 해장, 점심, 따뜻한 국물","담백한 육수, 얼큰 선택, 향신료, 뜨끈함",◎,X,○,◎,○,"베트남쌀국수, 분짜, 혼밥, 해장, 점심, 따뜻한 국물, 담백한 육수, 얼큰 선택, 향신료, 뜨끈함, 혼밥좋음, 국물",따뜻한 국물 한 끼가 당기는 날,높음,https://search.naver.com/search.naver?query=%ED%8F%AC%EC%95%88%EB%B2%A0%ED%8A%B8%EB%82%A8%EC%8C%80%EA%B5%AD%EC%88%98%20%EA%B5%AD%EC%82%AC%EB%B4%891%EA%B8%B8%2011,https://map.naver.com/p/search/%ED%8F%AC%EC%95%88%EB%B2%A0%ED%8A%B8%EB%82%A8%EC%8C%80%EA%B5%AD%EC%88%98%20%EC%84%9C%EC%9A%B8%20%EB%8F%99%EC%9E%91%EA%B5%AC%20%EA%B5%AD%EC%82%AC%EB%B4%891%EA%B8%B8%2011%20%EB%8C%80%EB%A3%A1%EB%B9%8C%EB%94%A9%201%EC%B8%B5%20%28%EC%83%81%EB%8F%84%EB%8F%99%29,https://map.kakao.com/?q=%ED%8F%AC%EC%95%88%EB%B2%A0%ED%8A%B8%EB%82%A8%EC%8C%80%EA%B5%AD%EC%88%98%20%EC%84%9C%EC%9A%B8%20%EB%8F%99%EC%9E%91%EA%B5%AC%20%EA%B5%AD%EC%82%AC%EB%B4%891%EA%B8%B8%2011%20%EB%8C%80%EB%A3%A1%EB%B9%8C%EB%94%A9%201%EC%B8%B5%20%28%EC%83%81%EB%8F%84%EB%8F%99%29,2026-09-14
47,즉석손바지락칼국수,서울 동작구 상도로 77 1층 (대방동),즉석손바지락칼국수,주소/상호 확인,바지락칼국수,바지락칼국수 중심,바지락 듬뿍 국물; 회전 빠른 편 후기; 김치와 먹는 칼국수; 한 메뉴 집중형,"비 오는 날, 추운 날, 점심, 혼밥, 시원한 국물","시원한 국물, 담백함, 뜨끈함",◎,X,△,◎,○,"바지락칼국수, 비 오는 날, 추운 날, 점심, 혼밥, 시원한 국물, 담백함, 뜨끈함, 혼밥좋음, 국물",따뜻한 국물 한 끼가 당기는 날,높음,https://search.naver.com/search.naver?query=%EC%A6%89%EC%84%9D%EC%86%90%EB%B0%94%EC%A7%80%EB%9D%BD%EC%B9%BC%EA%B5%AD%EC%88%98%20%EC%83%81%EB%8F%84%EB%A1%9C%2077,https://map.naver.com/p/search/%EC%A6%89%EC%84%9D%EC%86%90%EB%B0%94%EC%A7%80%EB%9D%BD%EC%B9%BC%EA%B5%AD%EC%88%98%20%EC%84%9C%EC%9A%B8%20%EB%8F%99%EC%9E%91%EA%B5%AC%20%EC%83%81%EB%8F%84%EB%A1%9C%2077%201%EC%B8%B5%20%28%EB%8C%80%EB%B0%A9%EB%8F%99%29,https://map.kakao.com/?q=%EC%A6%89%EC%84%9D%EC%86%90%EB%B0%94%EC%A7%80%EB%9D%BD%EC%B9%BC%EA%B5%AD%EC%88%98%20%EC%84%9C%EC%9A%B8%20%EB%8F%99%EC%9E%91%EA%B5%AC%20%EC%83%81%EB%8F%84%EB%A1%9C%2077%201%EC%B8%B5%20%28%EB%8C%80%EB%B0%A9%EB%8F%99%29,2026-09-14
48,오늘스시해,서울 동작구 대방동길 9 1층 102호 (대방동),오늘스시해,주소/상호 확인,초밥·스시,"런치세트, 모듬초밥, 특선초밥, 스페셜초밥, 묵은지광어",아담한 스시집; 혼밥; 데이트; 점심세트; 깔끔한 분위기,"점심, 혼밥, 데이트, 초밥","신선함, 담백함, 산뜻함",◎,△,X,△,○,"초밥, 스시, 점심, 혼밥, 데이트, 신선함, 담백함, 산뜻함, 혼밥좋음",초밥·스시 메뉴가 당기는 날,높음,https://search.naver.com/search.naver?query=%EC%98%A4%EB%8A%98%EC%8A%A4%EC%8B%9C%ED%95%B4%20%EB%8C%80%EB%B0%A9%EB%8F%99%EA%B8%B8%209,https://map.naver.com/p/search/%EC%98%A4%EB%8A%98%EC%8A%A4%EC%8B%9C%ED%95%B4%20%EC%84%9C%EC%9A%B8%20%EB%8F%99%EC%9E%91%EA%B5%AC%20%EB%8C%80%EB%B0%A9%EB%8F%99%EA%B8%B8%209%201%EC%B8%B5%20102%ED%98%B8%20%28%EB%8C%80%EB%B0%A9%EB%8F%99%29,https://map.kakao.com/?q=%EC%98%A4%EB%8A%98%EC%8A%A4%EC%8B%9C%ED%95%B4%20%EC%84%9C%EC%9A%B8%20%EB%8F%99%EC%9E%91%EA%B5%AC%20%EB%8C%80%EB%B0%A9%EB%8F%99%EA%B8%B8%209%201%EC%B8%B5%20102%ED%98%B8%20%28%EB%8C%80%EB%B0%A9%EB%8F%99%29,2026-09-14
49,프랭크버거 신대방삼거리역점,서울 동작구 상도로 59 리안 1층 101호 (대방동),프랭크버거 신대방삼거리역점,주소/상호 확인,햄버거,"프랭크버거, 치즈버거, 불고기버거, 쉬림프버거",캐주얼 버거; 혼밥; 간식; 배달/포장; 빠른 식사,"혼밥, 간단한 저녁, 버거, 포장","고소함, 짭짤함, 육즙",◎,X,△,X,△,"햄버거, 혼밥, 간단한 저녁, 버거, 포장, 고소함, 짭짤함, 육즙, 혼밥좋음",간단하고 익숙한 메뉴로 빠르게 먹고 싶은 날,높음,https://search.naver.com/search.naver?query=%ED%94%84%EB%9E%AD%ED%81%AC%EB%B2%84%EA%B1%B0%20%EC%8B%A0%EB%8C%80%EB%B0%A9%EC%82%BC%EA%B1%B0%EB%A6%AC%EC%97%AD%EC%A0%90,https://map.naver.com/p/search/%ED%94%84%EB%9E%AD%ED%81%AC%EB%B2%84%EA%B1%B0%20%EC%8B%A0%EB%8C%80%EB%B0%A9%EC%82%BC%EA%B1%B0%EB%A6%AC%EC%97%AD%EC%A0%90%20%EC%84%9C%EC%9A%B8%20%EB%8F%99%EC%9E%91%EA%B5%AC%20%EC%83%81%EB%8F%84%EB%A1%9C%2059%20%EB%A6%AC%EC%95%88%201%EC%B8%B5%20101%ED%98%B8%20%28%EB%8C%80%EB%B0%A9%EB%8F%99%29,https://map.kakao.com/?q=%ED%94%84%EB%9E%AD%ED%81%AC%EB%B2%84%EA%B1%B0%20%EC%8B%A0%EB%8C%80%EB%B0%A9%EC%82%BC%EA%B1%B0%EB%A6%AC%EC%97%AD%EC%A0%90%20%EC%84%9C%EC%9A%B8%20%EB%8F%99%EC%9E%91%EA%B5%AC%20%EC%83%81%EB%8F%84%EB%A1%9C%2059%20%EB%A6%AC%EC%95%88%201%EC%B8%B5%20101%ED%98%B8%20%28%EB%8C%80%EB%B0%A9%EB%8F%99%29,2026-09-14
50,버거리 신대방삼거리역점,서울 동작구 상도로 62 칸타빌레 1층 101호 (대방동),버거리 신대방삼거리역점,주소/상호 확인,수제버거,"프레쉬버거, 버거리버거, 클래식치즈버거, 쉬림프버거, 트러플버거",가성비 수제버거; 혼밥; 바 좌석; 포장; 캐주얼,"혼밥, 버거, 빠른 점심/저녁, 포장","육즙, 치즈, 고소함, 짭짤함",◎,X,△,X,△,"수제버거, 혼밥, 버거, 빠른 점심, 저녁, 포장, 육즙, 치즈, 고소함, 짭짤함, 혼밥좋음",간단하고 익숙한 메뉴로 빠르게 먹고 싶은 날,높음,https://search.naver.com/search.naver?query=%EB%B2%84%EA%B1%B0%EB%A6%AC%20%EC%8B%A0%EB%8C%80%EB%B0%A9%EC%82%BC%EA%B1%B0%EB%A6%AC%EC%97%AD%EC%A0%90,https://map.naver.com/p/search/%EB%B2%84%EA%B1%B0%EB%A6%AC%20%EC%8B%A0%EB%8C%80%EB%B0%A9%EC%82%BC%EA%B1%B0%EB%A6%AC%EC%97%AD%EC%A0%90%20%EC%84%9C%EC%9A%B8%20%EB%8F%99%EC%9E%91%EA%B5%AC%20%EC%83%81%EB%8F%84%EB%A1%9C%2062%20%EC%B9%B8%ED%83%80%EB%B9%8C%EB%A0%88%201%EC%B8%B5%20101%ED%98%B8%20%28%EB%8C%80%EB%B0%A9%EB%8F%99%29,https://map.kakao.com/?q=%EB%B2%84%EA%B1%B0%EB%A6%AC%20%EC%8B%A0%EB%8C%80%EB%B0%A9%EC%82%BC%EA%B1%B0%EB%A6%AC%EC%97%AD%EC%A0%90%20%EC%84%9C%EC%9A%B8%20%EB%8F%99%EC%9E%91%EA%B5%AC%20%EC%83%81%EB%8F%84%EB%A1%9C%2062%20%EC%B9%B8%ED%83%80%EB%B9%8C%EB%A0%88%201%EC%B8%B5%20101%ED%98%B8%20%28%EB%8C%80%EB%B0%A9%EB%8F%99%29,2026-09-14
51,샤브로21 신대방삼거리,서울 동작구 여의대방로24길 129 더킴벌리빌딩 1층,샤브로21 신대방삼거리,주소/상호 확인,1인 샤브샤브,"기본 샤브샤브, 얼큰샤브, 미소샤브, 마라샤브, 포샤브, 반반샤브, 불고기덮밥",1인 샤브; 혼밥; 가성비; 바 테이블; 국물 선택 다양,"혼밥, 따뜻한 국물, 야채 많이, 점심/저녁","담백/얼큰/마라 선택, 뜨끈함",◎,△,○,◎,○,"1인 샤브샤브, 혼밥, 따뜻한 국물, 야채 많이, 점심, 저녁, 담백, 얼큰, 마라 선택, 뜨끈함, 혼밥좋음, 국물",따뜻한 국물 한 끼가 당기는 날,높음,https://search.naver.com/search.naver?query=%EC%83%A4%EB%B8%8C%EB%A1%9C21%20%EC%8B%A0%EB%8C%80%EB%B0%A9%EC%82%BC%EA%B1%B0%EB%A6%AC,https://map.naver.com/p/search/%EC%83%A4%EB%B8%8C%EB%A1%9C21%20%EC%8B%A0%EB%8C%80%EB%B0%A9%EC%82%BC%EA%B1%B0%EB%A6%AC%20%EC%84%9C%EC%9A%B8%20%EB%8F%99%EC%9E%91%EA%B5%AC%20%EC%97%AC%EC%9D%98%EB%8C%80%EB%B0%A9%EB%A1%9C24%EA%B8%B8%20129%20%EB%8D%94%ED%82%B4%EB%B2%8C%EB%A6%AC%EB%B9%8C%EB%94%A9%201%EC%B8%B5,https://map.kakao.com/?q=%EC%83%A4%EB%B8%8C%EB%A1%9C21%20%EC%8B%A0%EB%8C%80%EB%B0%A9%EC%82%BC%EA%B1%B0%EB%A6%AC%20%EC%84%9C%EC%9A%B8%20%EB%8F%99%EC%9E%91%EA%B5%AC%20%EC%97%AC%EC%9D%98%EB%8C%80%EB%B0%A9%EB%A1%9C24%EA%B8%B8%20129%20%EB%8D%94%ED%82%B4%EB%B2%8C%EB%A6%AC%EB%B9%8C%EB%94%A9%201%EC%B8%B5,2026-09-14
52,한제소곱창전골 신대방삼거리역점,서울 동작구 여의대방로22길 121 보라매자이 더 포레스트 상가,한제소곱창전골 신대방삼거리역점,주소/상호 확인,소곱창전골·전골,"소곱창전골, 소고기전골, 곱창튀김, 수육",전골 전문; 술모임; 해장; 매콤한 국물; 저녁; 배달 정보,"술자리, 해장, 비 오는 날, 저녁, 여럿이","매콤함, 진한 국물, 뜨끈함, 고소함",△,◎,◎,◎,X,"소곱창전골, 전골, 술자리, 해장, 비 오는 날, 저녁, 여럿이, 매콤함, 진한 국물, 뜨끈함, 고소함, 술자리좋음, 매운맛, 국물",뜨끈하고 매콤한 국물로 속을 풀고 싶은 날,높음,https://search.naver.com/search.naver?query=%ED%95%9C%EC%A0%9C%EC%86%8C%EA%B3%B1%EC%B0%BD%EC%A0%84%EA%B3%A8%20%EC%8B%A0%EB%8C%80%EB%B0%A9%EC%82%BC%EA%B1%B0%EB%A6%AC%EC%97%AD%EC%A0%90,https://map.naver.com/p/search/%ED%95%9C%EC%A0%9C%EC%86%8C%EA%B3%B1%EC%B0%BD%EC%A0%84%EA%B3%A8%20%EC%8B%A0%EB%8C%80%EB%B0%A9%EC%82%BC%EA%B1%B0%EB%A6%AC%EC%97%AD%EC%A0%90%20%EC%84%9C%EC%9A%B8%20%EB%8F%99%EC%9E%91%EA%B5%AC%20%EC%97%AC%EC%9D%98%EB%8C%80%EB%B0%A9%EB%A1%9C22%EA%B8%B8%20121%20%EB%B3%B4%EB%9D%BC%EB%A7%A4%EC%9E%90%EC%9D%B4%20%EB%8D%94%20%ED%8F%AC%EB%A0%88%EC%8A%A4%ED%8A%B8%20%EC%83%81%EA%B0%80,https://map.kakao.com/?q=%ED%95%9C%EC%A0%9C%EC%86%8C%EA%B3%B1%EC%B0%BD%EC%A0%84%EA%B3%A8%20%EC%8B%A0%EB%8C%80%EB%B0%A9%EC%82%BC%EA%B1%B0%EB%A6%AC%EC%97%AD%EC%A0%90%20%EC%84%9C%EC%9A%B8%20%EB%8F%99%EC%9E%91%EA%B5%AC%20%EC%97%AC%EC%9D%98%EB%8C%80%EB%B0%A9%EB%A1%9C22%EA%B8%B8%20121%20%EB%B3%B4%EB%9D%BC%EB%A7%A4%EC%9E%90%EC%9D%B4%20%EB%8D%94%20%ED%8F%AC%EB%A0%88%EC%8A%A4%ED%8A%B8%20%EC%83%81%EA%B0%80,2026-09-14
53,마라홀릭 신대방점,서울 동작구 여의대방로22길 121 보라매자이 더 포레스트 상가,마라홀릭 신대방점,주소/상호 확인,마라탕·마라샹궈,"셀프 마라탕, 마라샹궈, 꿔바로우",재료 직접 선택; 중량형; 맵기 조절; 혼밥; 주차 정보,"매운 음식, 혼밥, 마라, 친구와","얼얼함, 매콤함, 향신료, 뜨거운 국물",◎,△,◎,◎,△,"마라탕, 마라샹궈, 매운 음식, 혼밥, 마라, 친구와, 얼얼함, 매콤함, 향신료, 뜨거운 국물, 혼밥좋음, 매운맛, 국물",뜨끈하고 매콤한 국물로 속을 풀고 싶은 날,높음,https://search.naver.com/search.naver?query=%EB%A7%88%EB%9D%BC%ED%99%80%EB%A6%AD%20%EC%8B%A0%EB%8C%80%EB%B0%A9%EC%A0%90,https://map.naver.com/p/search/%EB%A7%88%EB%9D%BC%ED%99%80%EB%A6%AD%20%EC%8B%A0%EB%8C%80%EB%B0%A9%EC%A0%90%20%EC%84%9C%EC%9A%B8%20%EB%8F%99%EC%9E%91%EA%B5%AC%20%EC%97%AC%EC%9D%98%EB%8C%80%EB%B0%A9%EB%A1%9C22%EA%B8%B8%20121%20%EB%B3%B4%EB%9D%BC%EB%A7%A4%EC%9E%90%EC%9D%B4%20%EB%8D%94%20%ED%8F%AC%EB%A0%88%EC%8A%A4%ED%8A%B8%20%EC%83%81%EA%B0%80,https://map.kakao.com/?q=%EB%A7%88%EB%9D%BC%ED%99%80%EB%A6%AD%20%EC%8B%A0%EB%8C%80%EB%B0%A9%EC%A0%90%20%EC%84%9C%EC%9A%B8%20%EB%8F%99%EC%9E%91%EA%B5%AC%20%EC%97%AC%EC%9D%98%EB%8C%80%EB%B0%A9%EB%A1%9C22%EA%B8%B8%20121%20%EB%B3%B4%EB%9D%BC%EB%A7%A4%EC%9E%90%EC%9D%B4%20%EB%8D%94%20%ED%8F%AC%EB%A0%88%EC%8A%A4%ED%8A%B8%20%EC%83%81%EA%B0%80,2026-09-14
54,윤윤차이나,서울 동작구 여의대방로22길 121 보라매자이 더 포레스트 상가,윤윤차이나,주소/상호 확인,중식,"윤윤짜장면, 윤윤짬뽕, 윤윤탕수육, 2인/4인 한상",전통 중식; 가족모임; 회식; 한상 메뉴; 불맛,"가족식사, 회식, 점심, 중식 여러 메뉴","불맛, 얼큰함, 달큰함, 짭짤함",○,○,○,○,△,"중식, 가족식사, 회식, 점심, 중식 여러 메뉴, 불맛, 얼큰함, 달큰함, 짭짤함",중식 메뉴가 당기는 날,높음,https://search.naver.com/search.naver?query=%EC%9C%A4%EC%9C%A4%EC%B0%A8%EC%9D%B4%EB%82%98%20%EC%8B%A0%EB%8C%80%EB%B0%A9%EC%82%BC%EA%B1%B0%EB%A6%AC,https://map.naver.com/p/search/%EC%9C%A4%EC%9C%A4%EC%B0%A8%EC%9D%B4%EB%82%98%20%EC%84%9C%EC%9A%B8%20%EB%8F%99%EC%9E%91%EA%B5%AC%20%EC%97%AC%EC%9D%98%EB%8C%80%EB%B0%A9%EB%A1%9C22%EA%B8%B8%20121%20%EB%B3%B4%EB%9D%BC%EB%A7%A4%EC%9E%90%EC%9D%B4%20%EB%8D%94%20%ED%8F%AC%EB%A0%88%EC%8A%A4%ED%8A%B8%20%EC%83%81%EA%B0%80,https://map.kakao.com/?q=%EC%9C%A4%EC%9C%A4%EC%B0%A8%EC%9D%B4%EB%82%98%20%EC%84%9C%EC%9A%B8%20%EB%8F%99%EC%9E%91%EA%B5%AC%20%EC%97%AC%EC%9D%98%EB%8C%80%EB%B0%A9%EB%A1%9C22%EA%B8%B8%20121%20%EB%B3%B4%EB%9D%BC%EB%A7%A4%EC%9E%90%EC%9D%B4%20%EB%8D%94%20%ED%8F%AC%EB%A0%88%EC%8A%A4%ED%8A%B8%20%EC%83%81%EA%B0%80,2026-09-14
55,고향엄마손생바지락칼국수 신대방삼거리점,서울 동작구 여의대방로22길 121 보라매자이 더 포레스트 상가,고향엄마손생바지락칼국수 신대방삼거리점,주소/상호 확인,바지락칼국수·수제비,"마라바지락칼국수, 바지락수제비, 매생이바지락칼국수, 들깨바지락칼국수, 꼬막비빔국수",칼국수 종류 다양; 국물; 단체/포장/배달 정보; 아이 동반 편의 정보,"비 오는 날, 가족식사, 따뜻한 국물, 점심","시원함, 뜨끈함, 들깨 고소함, 마라 선택",◎,X,○,◎,○,"바지락칼국수, 수제비, 비 오는 날, 가족식사, 따뜻한 국물, 점심, 시원함, 뜨끈함, 들깨 고소함, 마라 선택, 혼밥좋음, 국물",따뜻한 국물 한 끼가 당기는 날,높음,https://search.naver.com/search.naver?query=%EA%B3%A0%ED%96%A5%EC%97%84%EB%A7%88%EC%86%90%EC%83%9D%EB%B0%94%EC%A7%80%EB%9D%BD%EC%B9%BC%EA%B5%AD%EC%88%98%20%EC%8B%A0%EB%8C%80%EB%B0%A9%EC%82%BC%EA%B1%B0%EB%A6%AC%EC%A0%90,https://map.naver.com/p/search/%EA%B3%A0%ED%96%A5%EC%97%84%EB%A7%88%EC%86%90%EC%83%9D%EB%B0%94%EC%A7%80%EB%9D%BD%EC%B9%BC%EA%B5%AD%EC%88%98%20%EC%8B%A0%EB%8C%80%EB%B0%A9%EC%82%BC%EA%B1%B0%EB%A6%AC%EC%A0%90%20%EC%84%9C%EC%9A%B8%20%EB%8F%99%EC%9E%91%EA%B5%AC%20%EC%97%AC%EC%9D%98%EB%8C%80%EB%B0%A9%EB%A1%9C22%EA%B8%B8%20121%20%EB%B3%B4%EB%9D%BC%EB%A7%A4%EC%9E%90%EC%9D%B4%20%EB%8D%94%20%ED%8F%AC%EB%A0%88%EC%8A%A4%ED%8A%B8%20%EC%83%81%EA%B0%80,https://map.kakao.com/?q=%EA%B3%A0%ED%96%A5%EC%97%84%EB%A7%88%EC%86%90%EC%83%9D%EB%B0%94%EC%A7%80%EB%9D%BD%EC%B9%BC%EA%B5%AD%EC%88%98%20%EC%8B%A0%EB%8C%80%EB%B0%A9%EC%82%BC%EA%B1%B0%EB%A6%AC%EC%A0%90%20%EC%84%9C%EC%9A%B8%20%EB%8F%99%EC%9E%91%EA%B5%AC%20%EC%97%AC%EC%9D%98%EB%8C%80%EB%B0%A9%EB%A1%9C22%EA%B8%B8%20121%20%EB%B3%B4%EB%9D%BC%EB%A7%A4%EC%9E%90%EC%9D%B4%20%EB%8D%94%20%ED%8F%AC%EB%A0%88%EC%8A%A4%ED%8A%B8%20%EC%83%81%EA%B0%80,2026-09-14
56,미태리 신대방삼거리역점,서울 동작구 여의대방로22길 121 보라매자이 더 포레스트 상가,미태리 신대방삼거리역점,주소/상호 확인,파스타·이탈리안,"파스타, 감바스파스타, 고기고기분모자파스타, 올데이세트",가성비 파스타; 데이트; 혼밥; 배달; 캐주얼 이탈리안,"데이트, 파스타, 점심, 가벼운 약속","토마토/크림, 고소함, 감칠맛",◎,△,△,X,△,"파스타, 이탈리안, 데이트, 점심, 가벼운 약속, 토마토, 크림, 고소함, 감칠맛, 혼밥좋음",파스타·이탈리안 메뉴가 당기는 날,높음,https://search.naver.com/search.naver?query=%EB%AF%B8%ED%83%9C%EB%A6%AC%20%EC%8B%A0%EB%8C%80%EB%B0%A9%EC%82%BC%EA%B1%B0%EB%A6%AC%EC%97%AD%EC%A0%90,https://map.naver.com/p/search/%EB%AF%B8%ED%83%9C%EB%A6%AC%20%EC%8B%A0%EB%8C%80%EB%B0%A9%EC%82%BC%EA%B1%B0%EB%A6%AC%EC%97%AD%EC%A0%90%20%EC%84%9C%EC%9A%B8%20%EB%8F%99%EC%9E%91%EA%B5%AC%20%EC%97%AC%EC%9D%98%EB%8C%80%EB%B0%A9%EB%A1%9C22%EA%B8%B8%20121%20%EB%B3%B4%EB%9D%BC%EB%A7%A4%EC%9E%90%EC%9D%B4%20%EB%8D%94%20%ED%8F%AC%EB%A0%88%EC%8A%A4%ED%8A%B8%20%EC%83%81%EA%B0%80,https://map.kakao.com/?q=%EB%AF%B8%ED%83%9C%EB%A6%AC%20%EC%8B%A0%EB%8C%80%EB%B0%A9%EC%82%BC%EA%B1%B0%EB%A6%AC%EC%97%AD%EC%A0%90%20%EC%84%9C%EC%9A%B8%20%EB%8F%99%EC%9E%91%EA%B5%AC%20%EC%97%AC%EC%9D%98%EB%8C%80%EB%B0%A9%EB%A1%9C22%EA%B8%B8%20121%20%EB%B3%B4%EB%9D%BC%EB%A7%A4%EC%9E%90%EC%9D%B4%20%EB%8D%94%20%ED%8F%AC%EB%A0%88%EC%8A%A4%ED%8A%B8%20%EC%83%81%EA%B0%80,2026-09-14
57,네모오징어 신대방삼거리역점,서울 동작구 여의대방로24길 107 1층 (대방동),네모오징어 신대방삼거리역점,주소/상호 확인,갑오징어·오징어 요리,"갑삼불고기, 갑오징어불고기, 갑오징어튀김, 연포탕, 명란불고기",갑오징어 전문; 매콤달콤; 점심/저녁; 회식; 단체,"매운 것, 회식, 술자리, 해산물, 점심","매콤달콤, 불맛, 쫄깃함, 진한 양념",○,◎,◎,○,X,"갑오징어, 오징어 요리, 매운 것, 회식, 술자리, 해산물, 점심, 매콤달콤, 불맛, 쫄깃함, 진한 양념, 술자리좋음, 매운맛",저녁에 음식과 술을 같이 즐기고 싶은 날,높음,https://search.naver.com/search.naver?query=%EB%84%A4%EB%AA%A8%EC%98%A4%EC%A7%95%EC%96%B4%20%EC%8B%A0%EB%8C%80%EB%B0%A9%EC%82%BC%EA%B1%B0%EB%A6%AC%EC%97%AD%EC%A0%90,https://map.naver.com/p/search/%EB%84%A4%EB%AA%A8%EC%98%A4%EC%A7%95%EC%96%B4%20%EC%8B%A0%EB%8C%80%EB%B0%A9%EC%82%BC%EA%B1%B0%EB%A6%AC%EC%97%AD%EC%A0%90%20%EC%84%9C%EC%9A%B8%20%EB%8F%99%EC%9E%91%EA%B5%AC%20%EC%97%AC%EC%9D%98%EB%8C%80%EB%B0%A9%EB%A1%9C24%EA%B8%B8%20107%201%EC%B8%B5%20%28%EB%8C%80%EB%B0%A9%EB%8F%99%29,https://map.kakao.com/?q=%EB%84%A4%EB%AA%A8%EC%98%A4%EC%A7%95%EC%96%B4%20%EC%8B%A0%EB%8C%80%EB%B0%A9%EC%82%BC%EA%B1%B0%EB%A6%AC%EC%97%AD%EC%A0%90%20%EC%84%9C%EC%9A%B8%20%EB%8F%99%EC%9E%91%EA%B5%AC%20%EC%97%AC%EC%9D%98%EB%8C%80%EB%B0%A9%EB%A1%9C24%EA%B8%B8%20107%201%EC%B8%B5%20%28%EB%8C%80%EB%B0%A9%EB%8F%99%29,2026-09-14
58,한식뷔페셀프식당,서울 동작구 여의대방로24길 97 1층 (대방동),한식부페셀프식당/한식뷔페셀프식당,주소/전화 기반 업체 존재 확인; 표기 차이 있음,한식뷔페·백반,"한식뷔페, 백반형 반찬/국/밥 (당일 메뉴 변동 가능)",셀프식당; 여러 반찬; 빠른 점심; 가성비형 한식; 메뉴 변동형,"점심, 집밥, 여러 반찬, 빠르게 먹기","집밥, 담백함, 한식, 당일 반찬에 따라 변동",◎,X,△,○,○,"한식뷔페, 백반, 점심, 집밥, 여러 반찬, 빠르게 먹기, 담백함, 한식, 당일 반찬에 따라 변동, 혼밥좋음",한식뷔페·백반 메뉴가 당기는 날,중간,https://placeview.co.kr/id/MzIxNDAwOTQg,https://map.naver.com/p/search/%ED%95%9C%EC%8B%9D%EB%B6%80%ED%8E%98%EC%85%80%ED%94%84%EC%8B%9D%EB%8B%B9%2F%ED%95%9C%EC%8B%9D%EB%B7%94%ED%8E%98%EC%85%80%ED%94%84%EC%8B%9D%EB%8B%B9%20%EC%84%9C%EC%9A%B8%20%EB%8F%99%EC%9E%91%EA%B5%AC%20%EC%97%AC%EC%9D%98%EB%8C%80%EB%B0%A9%EB%A1%9C24%EA%B8%B8%2097%201%EC%B8%B5%20%28%EB%8C%80%EB%B0%A9%EB%8F%99%29,https://map.kakao.com/?q=%ED%95%9C%EC%8B%9D%EB%B6%80%ED%8E%98%EC%85%80%ED%94%84%EC%8B%9D%EB%8B%B9%2F%ED%95%9C%EC%8B%9D%EB%B7%94%ED%8E%98%EC%85%80%ED%94%84%EC%8B%9D%EB%8B%B9%20%EC%84%9C%EC%9A%B8%20%EB%8F%99%EC%9E%91%EA%B5%AC%20%EC%97%AC%EC%9D%98%EB%8C%80%EB%B0%A9%EB%A1%9C24%EA%B8%B8%2097%201%EC%B8%B5%20%28%EB%8C%80%EB%B0%A9%EB%8F%99%29,2026-09-14
59,자주피자,서울 동작구 여의대방로24길 73 1층 102호 (대방동),자주피자,주소/상호 확인,화덕피자·이탈리안,"마르게리따, 트러플머쉬룸피자, 화덕피자류, 토마토치즈샐러드, 티라미수",화덕피자; 데이트; 예약; 반려견 동반 정보; 저녁 분위기,"데이트, 피자, 저녁 약속, 와인/가벼운 술","치즈, 화덕향, 고소함, 산뜻한 토마토",△,○,X,X,△,"화덕피자, 이탈리안, 데이트, 피자, 저녁 약속, 와인, 가벼운 술, 치즈, 화덕향, 고소함, 산뜻한 토마토",간단하고 익숙한 메뉴로 빠르게 먹고 싶은 날,높음,https://search.naver.com/search.naver?query=%EC%9E%90%EC%A3%BC%ED%94%BC%EC%9E%90%20%EC%97%AC%EC%9D%98%EB%8C%80%EB%B0%A9%EB%A1%9C24%EA%B8%B8%2073,https://map.naver.com/p/search/%EC%9E%90%EC%A3%BC%ED%94%BC%EC%9E%90%20%EC%84%9C%EC%9A%B8%20%EB%8F%99%EC%9E%91%EA%B5%AC%20%EC%97%AC%EC%9D%98%EB%8C%80%EB%B0%A9%EB%A1%9C24%EA%B8%B8%2073%201%EC%B8%B5%20102%ED%98%B8%20%28%EB%8C%80%EB%B0%A9%EB%8F%99%29,https://map.kakao.com/?q=%EC%9E%90%EC%A3%BC%ED%94%BC%EC%9E%90%20%EC%84%9C%EC%9A%B8%20%EB%8F%99%EC%9E%91%EA%B5%AC%20%EC%97%AC%EC%9D%98%EB%8C%80%EB%B0%A9%EB%A1%9C24%EA%B8%B8%2073%201%EC%B8%B5%20102%ED%98%B8%20%28%EB%8C%80%EB%B0%A9%EB%8F%99%29,2026-09-14
