가게명,주소
옛날황소곱창,서울 구로구 디지털로32나길 16 1층 (구로동)
프레시랩 동작점,서울 동작구 국사봉2길 19 102호 (신대방동)
유가네한우곰탕 본점,서울 동작구 국사봉1길 18 1층 (상도동)
모스키친,서울 동작구 보라매로 91 1층 (신대방동)
주성이네,서울 동작구 여의대방로22길 121 보라매자이 더 포레스트 상가
기계우동,서울 동작구 여의대방로24길 140 1층 (신대방동)
엉터리생고기 무한리필 신대방삼거리점,서울 동작구 여의대방로24길 141 2층 (대방동)
탕화쿵푸마라탕 대방점,서울 동작구 보라매로 113 코스모빌딩 2층 203호 (대방동)
서일순대국 별관,서울 동작구 여의대방로24길 16 1층 (신대방동)
동화장,서울 동작구 여의대방로24길 137 2층 (대방동)
만두의정석,서울 동작구 국사봉1길 45 1층 103호 (상도동)
티엔,서울 관악구 보라매로3길 8 1층 (봉천동)
서평면옥,서울 동작구 보라매로5길 15 전문건설회관 지하1층
뭉퉁 신대방삼거리역점,서울 동작구 상도로 54 1층 (대방동)
단길,서울 동작구 보라매로 96-1 1층 (신대방동)
품미,서울 동작구 국사봉길 13 1층 (상도동)
인생곱창 본점,서울 동작구 상도로12길 5-4 유천빌딩 1층 (상도동)
서민준밀밭,서울 동작구 상도로12길 7 1층 (상도동)
원조부안집 신대방삼거리점,서울 동작구 상도로12길 20 (대방동)
샐러디 신대방삼거리역점,서울 동작구 상도로 77 1층 (대방동)
오다 신대방삼거리점,서울 동작구 보라매로 96 1층 (신대방동)
초밥24 신대방점,서울 동작구 보라매로 98 1층 (신대방동)
차오야끼,서울 동작구 국사봉1길 18 1층 1002-1호 (상도동)
빨강돼지,서울 동작구 대방동길 7 1층 (대방동)
상도감자탕,서울 동작구 국사봉길 12 1층 105호 (신대방동)
시간을들이다 본점,서울 동작구 보라매로 80 1층 (신대방동)
Moo Moo,서울 동작구 여의대방로24길 66 1층 (신대방동)
오다,서울 동작구 여의대방로24길 70 2층 (신대방동)
쌍둥이네 풍천장어,서울 동작구 여의대방로22길 98 1층 (신대방동)
이고집주꾸미,서울 동작구 여의대방로22길 80 1층 (신대방동)
천안문,서울 동작구 보라매로 65 1층 (신대방동)
풀향기손칼국수,서울 동작구 보라매로 73 1층 (신대방동)
포케포케,서울 동작구 보라매로 83 상가 1층 103호 (신대방동)
유태우스시,서울 동작구 보라매로 113 1층 (대방동)
뱃살도둑 신대방삼거리점,서울 동작구 여의대방로22길 121 보라매자이 더 포레스트 상가
꿈꾸는돼지,서울 동작구 여의대방로22길 138 1층 (신대방동)
숲,서울 동작구 여의대방로22길 121 1층 1431호 (신대방동)
미분당 신대방삼거리점,서울 동작구 보라매로19길 25 1층 101호 (신대방동)
88돼패쌈밥,서울 동작구 보라매로 99 1층 (신대방동)
이을,서울 동작구 보라매로 93 1층 (신대방동)
피자스쿨 신대방삼거리역점,서울 동작구 보라매로 93 1층 (신대방동)
채가네부대찌개돈까스,서울 동작구 국사봉2길 22 1층 (신대방동)
이가초밥,서울 동작구 국사봉1길 41 1층 (상도동)
스미비부타동,서울 동작구 국사봉1길 41 1층 (상도동)
카츠 디나인 신대방삼거리 본점,서울 동작구 국사봉1길 12-5 1층 (상도동)
포안베트남쌀국수,서울 동작구 국사봉1길 11 대룡빌딩 1층 (상도동)
즉석손바지락칼국수,서울 동작구 상도로 77 1층 (대방동)
오늘스시해,서울 동작구 대방동길 9 1층 102호 (대방동)
프랭크버거 신대방삼거리역점,서울 동작구 상도로 59 리안 1층 101호 (대방동)
버거리 신대방삼거리역점,서울 동작구 상도로 62 칸타빌레 1층 101호 (대방동)
샤브로21 신대방삼거리,서울 동작구 여의대방로24길 129 더킴벌리빌딩 1층
한제소곱창전골 신대방삼거리역점,서울 동작구 여의대방로22길 121 보라매자이 더 포레스트 상가
마라홀릭 신대방점,서울 동작구 여의대방로22길 121 보라매자이 더 포레스트 상가
윤윤차이나,서울 동작구 여의대방로22길 121 보라매자이 더 포레스트 상가
고향엄마손생바지락칼국수 신대방삼거리점,서울 동작구 여의대방로22길 121 보라매자이 더 포레스트 상가
미태리 신대방삼거리역점,서울 동작구 여의대방로22길 121 보라매자이 더 포레스트 상가
네모오징어 신대방삼거리역점,서울 동작구 여의대방로24길 107 1층 (대방동)
한식뷔페셀프식당,서울 동작구 여의대방로24길 97 1층 (대방동)
자주피자,서울 동작구 여의대방로24길 73 1층 102호 (대방동)
